SL,ID,Year,  Market Capitalization  ,Market Cap Growth,de,df,roe,roa,roic,ta,cc,ffr,lf,ni,nig,tag,cg,ffrg,lfg
1,BOKF,2004,"2,889,069,788",0.30743,1.94645,8.43194,0.135,0.013,0.017,0.06269718,0.05064302,1.171935484,1.065023483,179023000,0.13048,0.06269718,0.05064302,1.171935484,1.065023483
1,BOKF,2005,"3,023,672,153",0.04659,1.74653,9.0978,0.135,0.013,0.018,0.03770142,0.038972171,2.000967742,1.224294601,201505000,0.12558,0.03770142,0.038972171,2.000967742,1.224294601
1,BOKF,2006,"3,676,927,974",0.21605,1.88263,14.24817,0.13,0.012,0.017,0.02666631,0.032639133,1.080967742,0.671091796,212977000,0.05693,0.02666631,0.032639133,1.080967742,0.671091796
1,BOKF,2007,"3,470,470,088",-0.05615,2.40312,16.25542,0.118,0.011,0.015,0.02634684,0.013461014,-0.993548387,-0.776062595,217664000,0.02201,0.02634684,0.013461014,-0.993548387,-0.776062595
1,BOKF,2008,"2,724,327,015",-0.215,2.67886,40.67754,0.079,0.007,0.008,0.92001516,0.067851275,-4.089354839,-10.79813249,153232000,-0.29602,0.92001516,0.067851275,-4.089354839,-10.79813249
1,BOKF,2009,"3,217,462,633",0.18101,2.26839,17.85534,0.096,0.009,0.011,-0.00158462,0.051538923,-0.037096774,-23.4155207,200578000,0.30898,-0.00158462,0.051538923,-0.037096774,-23.4155207
1,BOKF,2010,"3,636,066,128",0.1301,1.39431,10.37485,0.101,0.01,0.014,0.07526413,0.057877427,0.06516129,6.06811579,246754000,0.23021,0.07526413,0.057877427,0.06516129,6.06811579
1,BOKF,2011,"3,735,591,003",0.02737,1.00701,7.03148,0.107,0.012,0.017,0.18930096,0.085119028,-0.111612903,8.73132471,285875000,0.15854,0.18930096,0.085119028,-0.111612903,8.73132471
1,BOKF,2012,"3,715,008,179",-0.00551,1.03245,4.57368,0.121,0.013,0.019,0.00338707,0.081273135,0.092903226,4.94387983,351191000,0.22848,0.00338707,0.081273135,0.092903226,4.94387983
1,BOKF,2013,"4,561,992,571",0.22799,1.01644,4.07427,0.106,0.012,0.016,0.31913634,0.061679646,-0.079354839,7.899735023,316609000,-0.09847,0.31913634,0.061679646,-0.079354839,7.899735023
1,BOKF,2014,"4,163,023,380",-0.08746,1.12843,-52.72263,0.091,0.01,0.015,0.11914151,0.075446636,0.037419355,4.565764439,292435000,-0.07635,0.11914151,0.075446636,0.037419355,4.565764439
1,BOKF,2015,"4,048,562,123",-0.02749,1.94328,27.74269,0.087,0.009,0.013,-0.0023696,0.064467186,0.118064516,1.082028275,288565000,-0.01323,-0.0023696,0.064467186,0.118064516,1.082028275
1,BOKF,2016,"5,473,204,100",0.35189,1.74582,-61.58961,0.07,0.007,0.009,-0.00585918,0.057874364,0.299354839,1.23973597,232668000,-0.19371,-0.00585918,0.057874364,0.299354839,1.23973597
1,BOKF,2017,"6,042,970,484",0.1041,1.67494,24.58061,0.097,0.01,0.015,-0.00303749,0.067805067,0.761612903,0.431470995,334644000,0.43829,-0.00303749,0.067805067,0.761612903,0.431470995
1,BOKF,2018,"4,798,294,139",-0.20597,1.67386,-12.21543,0.118,0.013,0.014,-0.08514775,0.061834403,0.972580645,0.101179986,445646000,0.3317,-0.08514775,0.061834403,0.972580645,0.101179986
1,BOKF,2019,"6,192,990,074",0.29066,1.77547,-10.83433,0.106,0.012,0.013,0.00790062,0.049918222,-0.723225806,0.01556497,500758000,0.12367,0.00790062,0.049918222,-0.723225806,0.01556497
1,BOKF,2020,"4,814,543,444",-0.22258,0.72563,-7.89122,0.084,0.009,0.011,0.57560369,0.143210333,-1.460967742,-7.588985688,435030000,-0.13126,0.57560369,0.143210333,-1.460967742,-7.588985688
1,BOKF,2021,"7,236,272,634",0.503,0.46505,-0.66842,0.116,0.013,0.017,0.17559228,0.071445957,-0.010322581,15.91849214,618121000,0.42087,0.17559228,0.071445957,-0.010322581,15.91849214
2,ABCB,2004,"204,466,281",0.29803,1.26893,8.22153,0.111,0.011,0.016,0.06269718,0.05064302,1.171935484,1.065023483,13101000,0.090840966,0.06269718,0.05064302,1.171935484,1.065023483
2,ABCB,2005,"235,421,261",0.15139,1.05614,8.37829,0.105,0.01,0.015,0.03770142,0.038972171,2.000967742,1.224294601,13728000,0.047858942,0.03770142,0.038972171,2.000967742,1.224294601
2,ABCB,2006,"367,275,379",0.56008,0.74806,4.71562,0.138,0.012,0.018,0.02666631,0.032639133,1.080967742,0.671091796,22128000,0.611888112,0.02666631,0.032639133,1.080967742,0.671091796
2,ABCB,2007,"228,134,172",-0.37885,0.77111,20.00461,0.081,0.007,0.011,0.02634684,0.013461014,-0.993548387,-0.776062595,15153000,-0.315211497,0.02634684,0.013461014,-0.993548387,-0.776062595
2,ABCB,2008,"160,754,327",-0.29535,0.59194,8.94645,-0.021,-0.002,-0.003,0.92001516,0.067851275,-4.089354839,-10.79813249,-3916000,-1.258430674,0.92001516,0.067851275,-4.089354839,-10.79813249
2,ABCB,2009,"97,978,113",-0.39051,0.51047,5.29998,-0.2,-0.019,-0.016,-0.00158462,0.051538923,-0.037096774,-23.4155207,-41789000,9.671348315,-0.00158462,0.051538923,-0.037096774,-23.4155207
2,ABCB,2010,"249,008,185",1.54147,0.56307,3.70682,-0.028,-0.003,-0.003,0.07526413,0.057877427,0.06516129,6.06811579,-3989000,-0.904544258,0.07526413,0.057877427,0.06516129,6.06811579
2,ABCB,2011,"244,168,442",-0.01944,0.34018,2.83003,0.063,0.006,0.012,0.18930096,0.085119028,-0.111612903,8.73132471,21093000,-6.287791426,0.18930096,0.085119028,-0.111612903,8.73132471
2,ABCB,2012,"297,501,109",0.21843,0.33112,-5.66804,0.037,0.004,0.008,0.00338707,0.081273135,0.092903226,4.94387983,14435000,-0.315649742,0.00338707,0.081273135,0.092903226,4.94387983
2,ABCB,2013,"504,645,295",0.69628,1.05322,18.19816,0.062,0.006,0.01,0.31913634,0.061679646,-0.079354839,7.899735023,20018000,0.386768272,0.31913634,0.061679646,-0.079354839,7.899735023
2,ABCB,2014,"722,037,733",0.43078,0.59426,-21.55331,0.113,0.01,0.014,0.11914151,0.075446636,0.037419355,4.565764439,38723000,0.934409032,0.11914151,0.075446636,0.037419355,4.565764439
2,ABCB,2015,"1,094,346,017",0.51564,0.33503,-4.59217,0.082,0.008,0.012,-0.0023696,0.064467186,0.118064516,1.082028275,40847000,0.054851122,-0.0023696,0.064467186,0.118064516,1.082028275
2,ABCB,2016,"1,522,510,866",0.39125,0.97466,-7.83172,0.115,0.011,0.016,-0.00585918,0.057874364,0.299354839,1.23973597,72100000,0.76512351,-0.00585918,0.057874364,0.299354839,1.23973597
2,ABCB,2017,"1,794,536,562",0.17867,0.45588,-5.53105,0.093,0.01,0.016,-0.00303749,0.067805067,0.761612903,0.431470995,73548000,0.020083218,-0.00303749,0.067805067,0.761612903,0.431470995
2,ABCB,2018,"1,504,353,915",-0.1617,0.17945,-2.21059,0.095,0.012,0.015,-0.08514775,0.061834403,0.972580645,0.101179986,121027000,0.645551205,-0.08514775,0.061834403,0.972580645,0.101179986
2,ABCB,2019,"2,963,376,941",0.96987,0.62638,-1.63485,0.082,0.011,0.015,0.00790062,0.049918222,-0.723225806,0.01556497,161441000,0.333925488,0.00790062,0.049918222,-0.723225806,0.01556497
2,ABCB,2020,"2,645,505,086",-0.10727,0.21198,0.71849,0.104,0.013,0.018,0.57560369,0.143210333,-1.460967742,-7.588985688,261988000,0.622809571,0.57560369,0.143210333,-1.460967742,-7.588985688
2,ABCB,2021,"3,459,476,289",0.30768,0.29397,-60.77017,0.132,0.017,0.027,0.17559228,0.071445957,-0.010322581,15.91849214,376913000,0.43866513,0.17559228,0.071445957,-0.010322581,15.91849214
3,SFNC,2004,"422,699,818",0.08867,0.8472,6.99335,0.105,0.01,0.015,0.06269718,0.05064302,1.171935484,1.065023483,24446000,0.02757,0.06269718,0.05064302,1.171935484,1.065023483
3,SFNC,2005,"396,930,003",-0.06096,0.8287,7.53264,0.113,0.011,0.016,0.03770142,0.038972171,2.000967742,1.224294601,26962000,0.10292,0.03770142,0.038972171,2.000967742,1.224294601
3,SFNC,2006,"446,091,259",0.12385,0.75077,6.00003,0.109,0.011,0.015,0.02666631,0.032639133,1.080967742,0.671091796,27481000,0.01925,0.02666631,0.032639133,1.080967742,0.671091796
3,SFNC,2007,"369,098,943",-0.17259,0.78144,8.96739,0.103,0.01,0.015,0.02634684,0.013461014,-0.993548387,-0.776062595,27360000,-0.0044,0.02634684,0.013461014,-0.993548387,-0.776062595
3,SFNC,2008,"411,369,726",0.11452,0.95305,10.37202,0.095,0.009,0.013,0.92001516,0.067851275,-4.089354839,-10.79813249,26910000,-0.01645,0.92001516,0.067851275,-4.089354839,-10.79813249
3,SFNC,2009,"390,468,542",-0.05081,0.72559,10.56696,0.08,0.009,0.012,-0.00158462,0.051538923,-0.037096774,-23.4155207,25210000,-0.06317,-0.00158462,0.051538923,-0.037096774,-23.4155207
3,SFNC,2010,"491,081,220",0.25767,0.69078,7.81906,0.097,0.012,0.019,0.07526413,0.057877427,0.06516129,6.06811579,37117000,0.47231,0.07526413,0.057877427,0.06516129,6.06811579
3,SFNC,2011,"469,670,462",-0.0436,0.57823,15.63372,0.063,0.008,0.012,0.18930096,0.085119028,-0.111612903,8.73132471,25374000,-0.31638,0.18930096,0.085119028,-0.111612903,8.73132471
3,SFNC,2012,"422,174,970",-0.10113,0.52736,6.33285,0.068,0.008,0.014,0.00338707,0.081273135,0.092903226,4.94387983,27684000,0.09104,0.00338707,0.081273135,0.092903226,4.94387983
3,SFNC,2013,"601,920,460",0.42576,0.60817,7.84229,0.058,0.006,0.01,0.31913634,0.061679646,-0.079354839,7.899735023,23231000,-0.16085,0.31913634,0.061679646,-0.079354839,7.899735023
3,SFNC,2014,"732,594,747",0.2171,0.49743,8.08576,0.079,0.008,0.012,0.11914151,0.075446636,0.037419355,4.565764439,35688000,0.53622,0.11914151,0.075446636,0.037419355,4.565764439
3,SFNC,2015,"1,537,700,527",1.09898,0.29926,4.28163,0.071,0.01,0.015,-0.0023696,0.064467186,0.118064516,1.082028275,74107000,1.07652,-0.0023696,0.064467186,0.118064516,1.082028275
3,SFNC,2016,"1,943,462,942",0.26388,0.3897,6.07263,0.087,0.012,0.019,-0.00585918,0.057874364,0.299354839,1.23973597,96790000,0.30608,-0.00585918,0.057874364,0.299354839,1.23973597
3,SFNC,2017,"2,624,932,509",0.35065,0.78819,19.60145,0.065,0.009,0.015,-0.00303749,0.067805067,0.761612903,0.431470995,92940000,-0.03978,-0.00303749,0.067805067,0.761612903,0.431470995
3,SFNC,2018,"2,227,273,634",-0.15149,0.79913,9.10156,0.099,0.013,0.016,-0.08514775,0.061834403,0.972580645,0.101179986,215713000,1.32099,-0.08514775,0.061834403,0.972580645,0.101179986
3,SFNC,2019,"2,589,384,771",0.16258,0.61427,9.75316,0.092,0.013,0.017,0.00790062,0.049918222,-0.723225806,0.01556497,237828000,0.10252,0.00790062,0.049918222,-0.723225806,0.01556497
3,SFNC,2020,"2,349,982,787",-0.09246,0.67998,10.67313,0.087,0.012,0.016,0.57560369,0.143210333,-1.460967742,-7.588985688,254852000,0.07158,0.57560369,0.143210333,-1.460967742,-7.588985688
3,SFNC,2021,"3,396,659,095",0.4454,0.58713,8.09844,0.089,0.011,0.015,0.17559228,0.071445957,-0.010322581,15.91849214,271109000,0.06379,0.17559228,0.071445957,-0.010322581,15.91849214
4,SASR,2004,"555,798,837",0.02794,1.85324,33.51581,0.073,0.006,0.005,0.06269718,0.05064302,1.171935484,1.065023483,14367000,-0.551955342,0.06269718,0.05064302,1.171935484,1.065023483
4,SASR,2005,"515,299,087",-0.07287,1.91561,12.30006,0.16,0.014,0.017,0.03770142,0.038972171,2.000967742,1.224294601,33098000,1.303751653,0.03770142,0.038972171,2.000967742,1.224294601
4,SASR,2006,"565,533,843",0.09749,1.47844,9.61175,0.143,0.013,0.016,0.02666631,0.032639133,1.080967742,0.671091796,32871000,-0.00685842,0.02666631,0.032639133,1.080967742,0.671091796
4,SASR,2007,"457,744,799",-0.1906,1.3513,9.74135,0.107,0.011,0.014,0.02634684,0.013461014,-0.993548387,-0.776062595,32262000,-0.018526969,0.02634684,0.013461014,-0.993548387,-0.776062595
4,SASR,2008,"358,817,003",-0.21612,1.33378,10.98921,0.046,0.005,0.005,0.92001516,0.067851275,-4.089354839,-10.79813249,15779000,-0.510910669,0.92001516,0.067851275,-4.089354839,-10.79813249
4,SASR,2009,"146,442,241",-0.59187,1.4338,22.52412,-0.051,-0.005,-0.008,-0.00158462,0.051538923,-0.037096774,-23.4155207,-14855000,-1.941441156,-0.00158462,0.051538923,-0.037096774,-23.4155207
4,SASR,2010,"442,523,264",2.02183,1.31757,10.13171,0.038,0.005,0.008,0.07526413,0.057877427,0.06516129,6.06811579,23520000,-2.583305284,0.07526413,0.057877427,0.06516129,6.06811579
4,SASR,2011,"422,667,882",-0.04487,1.30914,9.1673,0.079,0.009,0.013,0.18930096,0.085119028,-0.111612903,8.73132471,34102000,0.449914966,0.18930096,0.085119028,-0.111612903,8.73132471
4,SASR,2012,"483,579,284",0.14411,1.08992,10.88614,0.077,0.01,0.013,0.00338707,0.081273135,0.092903226,4.94387983,36554000,0.071901941,0.00338707,0.081273135,0.092903226,4.94387983
4,SASR,2013,"704,381,810",0.4566,1.40948,7.50557,0.09,0.011,0.015,0.31913634,0.061679646,-0.079354839,7.899735023,44422000,0.215243202,0.31913634,0.061679646,-0.079354839,7.899735023
4,SASR,2014,"653,066,411",-0.07285,1.46513,16.94971,0.074,0.009,0.012,0.11914151,0.075446636,0.037419355,4.565764439,38200000,-0.140065733,0.11914151,0.075446636,0.037419355,4.565764439
4,SASR,2015,"656,788,251",0.0057,1.58105,19.45984,0.087,0.01,0.013,-0.0023696,0.064467186,0.118064516,1.082028275,45355000,0.187303665,-0.0023696,0.064467186,0.118064516,1.082028275
4,SASR,2016,"955,346,104",0.45457,1.77131,11.15817,0.091,0.01,0.013,-0.00585918,0.057874364,0.299354839,1.23973597,48250000,0.063829787,-0.00585918,0.057874364,0.299354839,1.23973597
4,SASR,2017,"936,228,789",-0.02001,1.57,14.28282,0.096,0.01,0.015,-0.00303749,0.067805067,0.761612903,0.431470995,53209000,0.102777202,-0.00303749,0.067805067,0.761612903,0.431470995
4,SASR,2018,"1,113,312,852",0.18915,1.13631,8.8416,0.097,0.012,0.015,-0.08514775,0.061834403,0.972580645,0.101179986,100864000,0.895619162,-0.08514775,0.061834403,0.972580645,0.101179986
4,SASR,2019,"1,349,711,598",0.21234,0.82684,9.88225,0.104,0.014,0.018,0.00790062,0.049918222,-0.723225806,0.01556497,116433000,0.154356361,0.00790062,0.049918222,-0.723225806,0.01556497
4,SASR,2020,"1,514,231,184",0.12189,0.78187,8.39287,0.072,0.008,0.01,0.57560369,0.143210333,-1.460967742,-7.588985688,96953000,-0.16730652,0.57560369,0.143210333,-1.460967742,-7.588985688
4,SASR,2021,"2,193,379,454",0.44851,0.20649,1.53142,0.153,0.018,0.025,0.17559228,0.071445957,-0.010322581,15.91849214,235107000,1.424958485,0.17559228,0.071445957,-0.010322581,15.91849214
5,ZION,2004,"6,099,772,597",0.10664,1.76315,8.17973,0.151,0.013,0.019,0.06269718,0.05064302,1.171935484,1.065023483,405987000,0.20177,0.06269718,0.05064302,1.171935484,1.065023483
5,ZION,2005,"6,810,486,656",0.11651,1.24161,7.60779,0.148,0.014,0.02,0.03770142,0.038972171,2.000967742,1.224294601,480121000,0.1826,0.03770142,0.038972171,2.000967742,1.224294601
5,ZION,2006,"8,814,972,268",0.29432,1.40449,7.6093,0.126,0.013,0.019,0.02666631,0.032639133,1.080967742,0.671091796,583125000,0.214537585,0.02666631,0.032639133,1.080967742,0.671091796
5,ZION,2007,"4,994,872,855",-0.43336,1.29885,10.71114,0.091,0.01,0.014,0.02634684,0.013461014,-0.993548387,-0.776062595,493745000,-0.153277599,0.02634684,0.013461014,-0.993548387,-0.776062595
5,ZION,2008,"2,827,070,484",-0.43401,0.69802,4.19234,-0.051,-0.005,-0.006,0.92001516,0.067851275,-4.089354839,-10.79813249,-266269000,-1.539284448,0.92001516,0.067851275,-4.089354839,-10.79813249
5,ZION,2009,"1,773,232,966",-0.37277,0.52412,3.10366,-0.218,-0.023,-0.031,-0.00158462,0.051538923,-0.037096774,-23.4155207,-1216111000,3.567227127,-0.00158462,0.051538923,-0.037096774,-23.4155207
5,ZION,2010,"4,311,917,252",1.43167,0.43227,2.0637,-0.065,-0.008,-0.008,0.07526413,0.057877427,0.06516129,6.06811579,-292728000,-0.759291709,0.07526413,0.057877427,0.06516129,6.06811579
5,ZION,2011,"3,000,246,638",-0.3042,0.38328,2.70142,0.022,0.003,0.011,0.18930096,0.085119028,-0.111612903,8.73132471,323804000,-2.106159985,0.18930096,0.085119028,-0.111612903,8.73132471
5,ZION,2012,"3,941,218,226",0.31363,0.44443,4.03077,0.029,0.003,0.011,0.00338707,0.081273135,0.092903226,4.94387983,349516000,0.07940606,0.00338707,0.081273135,0.092903226,4.94387983
5,ZION,2013,"5,531,072,411",0.40339,0.40435,3.50144,0.045,0.005,0.009,0.31913634,0.061679646,-0.079354839,7.899735023,263791000,-0.245267742,0.31913634,0.061679646,-0.079354839,7.899735023
5,ZION,2014,"5,785,598,476",0.04602,0.18136,6.53413,0.047,0.006,0.013,0.11914151,0.075446636,0.037419355,4.565764439,398462000,0.510521587,0.11914151,0.075446636,0.037419355,4.565764439
5,ZION,2015,"5,577,240,287",-0.03601,0.15443,3.77639,0.033,0.004,0.009,-0.0023696,0.064467186,0.118064516,1.082028275,309000000,-0.224518273,-0.0023696,0.064467186,0.118064516,1.082028275
5,ZION,2016,"8,768,023,667",0.57211,0.17841,3.405,0.054,0.007,0.012,-0.00585918,0.057874364,0.299354839,1.23973597,469000000,0.517799353,-0.00585918,0.057874364,0.299354839,1.23973597
5,ZION,2017,"10,152,976,134",0.15795,0.69788,7.06061,0.071,0.008,0.014,-0.00303749,0.067805067,0.761612903,0.431470995,592000000,0.262260128,-0.00303749,0.067805067,0.761612903,0.431470995
5,ZION,2018,"7,829,621,341",-0.22883,0.84151,6.09074,0.112,0.013,0.016,-0.08514775,0.061834403,0.972580645,0.101179986,884000000,0.493243243,-0.08514775,0.061834403,0.972580645,0.101179986
5,ZION,2019,"8,850,483,871",0.13038,0.51353,6.51034,0.104,0.011,0.014,0.00790062,0.049918222,-0.723225806,0.01556497,816000000,-0.076923077,0.00790062,0.049918222,-0.723225806,0.01556497
5,ZION,2020,"7,124,663,687",-0.195,0.36875,5.30657,0.066,0.007,0.009,0.57560369,0.143210333,-1.460967742,-7.588985688,539000000,-0.339460784,0.57560369,0.143210333,-1.460967742,-7.588985688
5,ZION,2021,"9,882,232,323",0.38705,0.2566,4.52719,0.141,0.012,0.018,0.17559228,0.071445957,-0.010322581,15.91849214,1129000000,1.094619666,0.17559228,0.071445957,-0.010322581,15.91849214
6,ASB,2004,"3,669,222,240",0.16966,2.742,16.109,0.165,0.015,0.018,0.06269718,0.05064302,1.171935484,1.065023483,258286000,0.129578364,0.06269718,0.05064302,1.171935484,1.065023483
6,ASB,2005,"4,442,056,771",0.21063,2.587,19.249,0.152,0.015,0.018,0.03770142,0.038972171,2.000967742,1.224294601,320161000,0.239560023,0.03770142,0.038972171,2.000967742,1.224294601
6,ASB,2006,"4,545,177,153",0.02321,1.832,13.185,0.14,0.015,0.018,0.02666631,0.032639133,1.080967742,0.671091796,316645000,-0.010981975,0.02666631,0.032639133,1.080967742,0.671091796
6,ASB,2007,"3,442,338,301",-0.24264,2.185,19.845,0.126,0.014,0.017,0.02634684,0.013461014,-0.993548387,-0.776062595,285752000,-0.097563518,0.02634684,0.013461014,-0.993548387,-0.776062595
6,ASB,2008,"2,673,019,213",-0.22349,1.935,13.695,0.066,0.007,0.008,0.92001516,0.067851275,-4.089354839,-10.79813249,168452000,-0.410495815,0.92001516,0.067851275,-4.089354839,-10.79813249
6,ASB,2009,"1,407,824,203",-0.47332,1.161,32.114,-0.056,-0.007,-0.011,-0.00158462,0.051538923,-0.037096774,-23.4155207,-131859000,-1.782768979,-0.00158462,0.051538923,-0.037096774,-23.4155207
6,ASB,2010,"2,621,835,427",0.86233,1.001,6.657,-0.01,-0.001,-0.002,0.07526413,0.057877427,0.06516129,6.06811579,-856000,-0.993508217,0.07526413,0.057877427,0.06516129,6.06811579
6,ASB,2011,"1,938,111,257",-0.26078,1.288,15.834,0.039,0.005,0.008,0.18930096,0.085119028,-0.111612903,8.73132471,139699000,-164.1997664,0.18930096,0.085119028,-0.111612903,8.73132471
6,ASB,2012,"2,252,209,691",0.16206,1.138,12.541,0.059,0.008,0.011,0.00338707,0.081273135,0.092903226,4.94387983,178973000,0.281133007,0.00338707,0.081273135,0.092903226,4.94387983
6,ASB,2013,"2,828,005,714",0.25566,1.324,9.332,0.063,0.008,0.011,0.31913634,0.061679646,-0.079354839,7.899735023,188692000,0.054304281,0.31913634,0.061679646,-0.079354839,7.899735023
6,ASB,2014,"2,831,485,133",0.00123,1.785,33.521,0.065,0.007,0.01,0.11914151,0.075446636,0.037419355,4.565764439,190509000,0.009629449,0.11914151,0.075446636,0.037419355,4.565764439
6,ASB,2015,"2,818,647,956",-0.00453,1.247,14.238,0.063,0.007,0.009,-0.0023696,0.064467186,0.118064516,1.082028275,188301000,-0.011590004,-0.0023696,0.064467186,0.118064516,1.082028275
6,ASB,2016,"3,716,593,834",0.31857,1.315,7.17,0.066,0.007,0.009,-0.00585918,0.057874364,0.299354839,1.23973597,200274000,0.063584368,-0.00585918,0.057874364,0.299354839,1.23973597
6,ASB,2017,"3,839,585,996",0.03309,1.324,9.912,0.072,0.007,0.01,-0.00303749,0.067805067,0.761612903,0.431470995,229264000,0.14475169,-0.00303749,0.067805067,0.761612903,0.431470995
6,ASB,2018,"3,280,832,984",-0.14552,1.285,10.511,0.091,0.01,0.011,-0.08514775,0.061834403,0.972580645,0.101179986,333563000,0.454929688,-0.08514775,0.061834403,0.972580645,0.101179986
6,ASB,2019,"3,511,895,740",0.07043,1.145,8.278,0.086,0.009,0.012,0.00790062,0.049918222,-0.723225806,0.01556497,326789000,-0.020308008,0.00790062,0.049918222,-0.723225806,0.01556497
6,ASB,2020,"2,618,708,034",-0.25433,0.651,4.915,0.079,0.008,0.009,0.57560369,0.143210333,-1.460967742,-7.588985688,306771000,-0.061256652,0.57560369,0.143210333,-1.460967742,-7.588985688
6,ASB,2021,"3,390,178,979",0.2946,0.581,4.661,0.088,0.01,0.013,0.17559228,0.071445957,-0.010322581,15.91849214,350994000,0.14415639,0.17559228,0.071445957,-0.010322581,15.91849214
7,UBSI,2004,1645284215,0.20475,2.28139,15.75273,0.156,0.015,0.018,0.06269718,0.05064302,1.171935484,1.065023483,97762000,0.24119,0.06269718,0.05064302,1.171935484,1.065023483
7,UBSI,2005,1485311730,-0.09723,2.21056,12.78505,0.158,0.015,0.02,0.03770142,0.038972171,2.000967742,1.224294601,100409000,0.02708,0.03770142,0.038972171,2.000967742,1.224294601
7,UBSI,2006,1590802809,0.07102,1.86324,13.69276,0.14,0.013,0.017,0.02666631,0.032639133,1.080967742,0.671091796,89249000,-0.11115,0.02666631,0.032639133,1.080967742,0.671091796
7,UBSI,2007,1210811420,-0.23887,2.37812,23.08754,0.13,0.013,0.016,0.02634684,0.013461014,-0.993548387,-0.776062595,90674000,0.01597,0.02634684,0.013461014,-0.993548387,-0.776062595
7,UBSI,2008,1439670820,0.18901,2.2139,14.62627,0.114,0.011,0.013,0.92001516,0.067851275,-4.089354839,-10.79813249,86954000,-0.04103,0.92001516,0.067851275,-4.089354839,-10.79813249
7,UBSI,2009,867159527,-0.39767,1.30639,20.42453,0.089,0.008,0.009,-0.00158462,0.051538923,-0.037096774,-23.4155207,67298000,-0.22605,-0.00158462,0.051538923,-0.037096774,-23.4155207
7,UBSI,2010,1273293944,0.46835,0.73098,5.94158,0.092,0.01,0.014,0.07526413,0.057877427,0.06516129,6.06811579,71947000,0.06908,0.07526413,0.057877427,0.06516129,6.06811579
7,UBSI,2011,1419314885,0.11468,0.61943,5.42747,0.085,0.01,0.015,0.18930096,0.085119028,-0.111612903,8.73132471,75610000,0.05091,0.18930096,0.085119028,-0.111612903,8.73132471
7,UBSI,2012,1223700753,-0.13782,0.60457,4.74332,0.084,0.01,0.015,0.00338707,0.081273135,0.092903226,4.94387983,82607000,0.09254,0.00338707,0.081273135,0.092903226,4.94387983
7,UBSI,2013,1585541560,0.29569,0.96613,7.37829,0.084,0.01,0.015,0.31913634,0.061679646,-0.079354839,7.899735023,85628000,0.03657,0.31913634,0.061679646,-0.079354839,7.899735023
7,UBSI,2014,2591705679,0.63459,0.93045,9.9339,0.079,0.011,0.016,0.11914151,0.075446636,0.037419355,4.565764439,129888000,0.51689,0.11914151,0.075446636,0.037419355,4.565764439
7,UBSI,2015,2573512150,-0.00702,0.8398,8.43544,0.081,0.011,0.017,-0.0023696,0.064467186,0.118064516,1.082028275,137959000,0.06214,-0.0023696,0.064467186,0.118064516,1.082028275
7,UBSI,2016,3536037182,0.37401,0.61795,8.42338,0.073,0.011,0.016,-0.00585918,0.057874364,0.299354839,1.23973597,147083000,0.06614,-0.00585918,0.057874364,0.299354839,1.23973597
7,UBSI,2017,3648486699,0.0318,0.56829,7.68638,0.05,0.008,0.017,-0.00303749,0.067805067,0.761612903,0.431470995,150581000,0.02378,-0.00303749,0.067805067,0.761612903,0.431470995
7,UBSI,2018,3210052778,-0.12017,0.56908,6.23763,0.079,0.013,0.018,-0.08514775,0.061834403,0.972580645,0.101179986,256342000,0.70235,-0.08514775,0.061834403,0.972580645,0.101179986
7,UBSI,2019,3925774275,0.22296,0.67602,16.11264,0.078,0.013,0.017,0.00790062,0.049918222,-0.723225806,0.01556497,260099000,0.01466,0.00790062,0.049918222,-0.723225806,0.01556497
7,UBSI,2020,4204300075,0.07095,0.25127,8.58576,0.072,0.012,0.016,0.57560369,0.143210333,-1.460967742,-7.588985688,289023000,0.1112,0.57560369,0.143210333,-1.460967742,-7.588985688
7,UBSI,2021,"4,687,490,899",0.11493,0.21891,1.73377,0.082,0.013,0.02,0.17559228,0.071445957,-0.010322581,15.91849214,367738000,0.27235,0.17559228,0.071445957,-0.010322581,15.91849214
8,UCBI,2004,983855146,0.2646,2.47488,52.09919,0.134,0.01,0.014,0.06269718,0.05064302,1.171935484,1.065023483,46582000,#REF!,0.06269718,0.05064302,1.171935484,1.065023483
8,UCBI,2005,1031181367,0.0481,1.84132,10.01411,0.133,0.01,0.014,0.03770142,0.038972171,2.000967742,1.224294601,56719000,0.217616247,0.03770142,0.038972171,2.000967742,1.224294601
8,UCBI,2006,1311502472,0.27184,1.08326,31.07675,0.129,0.011,0.016,0.02666631,0.032639133,1.080967742,0.671091796,68815000,0.21326187,0.02666631,0.032639133,1.080967742,0.671091796
8,UCBI,2007,756953263,-0.42284,1.5221,17.74663,0.074,0.007,0.011,0.02634684,0.013461014,-0.993548387,-0.776062595,57993000,-0.157262225,0.02634684,0.013461014,-0.993548387,-0.776062595
8,UCBI,2008,651332125,-0.13953,0.50003,4.47895,-0.073,-0.008,-0.012,0.92001516,0.067851275,-4.089354839,-10.79813249,-63450000,-2.094097563,0.92001516,0.067851275,-4.089354839,-10.79813249
8,UCBI,2009,318460665,-0.51106,0.38028,2.92001,-0.257,-0.029,-0.039,-0.00158462,0.051538923,-0.037096774,-23.4155207,-228327000,2.598534279,-0.00158462,0.051538923,-0.037096774,-23.4155207
8,UCBI,2010,184266674,-0.42138,0.65376,2.63265,-0.692,-0.069,-0.06,0.07526413,0.057877427,0.06516129,6.06811579,-502344000,1.20010774,0.07526413,0.057877427,0.06516129,6.06811579
8,UCBI,2011,402105377,1.18219,0.45775,1.81164,-0.407,-0.033,-0.033,0.18930096,0.085119028,-0.111612903,8.73132471,-226746000,-0.54862405,0.18930096,0.085119028,-0.111612903,8.73132471
8,UCBI,2012,544882077,0.35507,0.3741,1.20822,0.037,0.003,0.005,0.00338707,0.081273135,0.092903226,4.94387983,33856000,-1.149312447,0.00338707,0.081273135,0.092903226,4.94387983
8,UCBI,2013,1054691616,0.93563,0.38108,1.61762,0.34,0.036,0.005,0.31913634,0.061679646,-0.079354839,7.899735023,273140000,7.067698488,0.31913634,0.061679646,-0.079354839,7.899735023
8,UCBI,2014,1141188581,0.08201,0.54895,4.1699,0.093,0.009,0.014,0.11914151,0.075446636,0.037419355,4.565764439,67620000,-0.752434649,0.11914151,0.075446636,0.037419355,4.565764439
8,UCBI,2015,1393132921,0.22077,0.59964,5.63072,0.079,0.008,0.013,-0.0023696,0.064467186,0.118064516,1.082028275,71511000,0.057542147,-0.0023696,0.064467186,0.118064516,1.082028275
8,UCBI,2016,2098983683,0.50666,0.82668,6.96846,0.095,0.01,0.015,-0.00585918,0.057874364,0.299354839,1.23973597,100635000,0.407266015,-0.00585918,0.057874364,0.299354839,1.23973597
8,UCBI,2017,2065637270,-0.01589,0.51805,3.57405,0.057,0.006,0.015,-0.00303749,0.067805067,0.761612903,0.431470995,67250000,-0.331743429,-0.00303749,0.067805067,0.761612903,0.431470995
8,UCBI,2018,1699790117,-0.17711,0.29309,1.65019,0.118,0.013,0.017,-0.08514775,0.061834403,0.972580645,0.101179986,164927000,1.452446097,-0.08514775,0.061834403,0.972580645,0.101179986
8,UCBI,2019,2438961968,0.43486,0.13001,1.52356,0.117,0.014,0.019,0.00790062,0.049918222,-0.723225806,0.01556497,184346000,0.117743001,0.00790062,0.049918222,-0.723225806,0.01556497
8,UCBI,2020,2463479028,0.01005,0.16286,2.31683,0.086,0.01,0.014,0.57560369,0.143210333,-1.460967742,-7.588985688,159269000,-0.136032244,0.57560369,0.143210333,-1.460967742,-7.588985688
8,UCBI,2021,"3,209,190,420",0.30271,0.11131,0.73382,0.124,0.013,0.019,0.17559228,0.071445957,-0.010322581,15.91849214,261269000,0.640425946,0.17559228,0.071445957,-0.010322581,15.91849214
9,AUB,2004,"334,669,500",0.44232,1.1244,660.66787,0.12,0.012,0.015,0.06269718,0.05064302,1.171935484,1.065023483,17925000,0.07567,0.06269718,0.05064302,1.171935484,1.065023483
9,AUB,2005,"378,332,188",0.13047,0.96803,7.04872,0.143,0.014,0.019,0.03770142,0.038972171,2.000967742,1.224294601,24822000,0.38477,0.03770142,0.038972171,2.000967742,1.224294601
9,AUB,2006,"406,049,519",0.07326,1.06238,16.01572,0.136,0.013,0.017,0.02666631,0.032639133,1.080967742,0.671091796,25992000,0.04714,0.02666631,0.032639133,1.080967742,0.671091796
9,AUB,2007,"283,047,455",-0.30292,1.94593,166.88071,0.096,0.009,0.011,0.02634684,0.013461014,-0.993548387,-0.776062595,19756000,-0.23992,0.02634684,0.013461014,-0.993548387,-0.776062595
9,AUB,2008,"335,373,748",0.18487,1.21839,25.65303,0.063,0.006,0.007,0.92001516,0.067851275,-4.089354839,-10.79813249,14514000,-0.26625,0.92001516,0.067851275,-4.089354839,-10.79813249
9,AUB,2009,"227,173,946",-0.32262,1.29768,-70.61362,0.01,0.001,0.003,-0.00158462,0.051538923,-0.037096774,-23.4155207,8360000,-0.80174,-0.00158462,0.051538923,-0.037096774,-23.4155207
9,AUB,2010,"383,618,048",0.68865,0.71988,7.09184,0.05,0.005,0.008,0.07526413,0.057877427,0.06516129,6.06811579,22922000,6.30967,0.07526413,0.057877427,0.06516129,6.06811579
9,AUB,2011,"346,304,188",-0.09727,0.66096,4.28392,0.063,0.007,0.01,0.18930096,0.085119028,-0.111612903,8.73132471,30445000,0.32183,0.18930096,0.085119028,-0.111612903,8.73132471
9,AUB,2012,"409,474,736",0.18241,0.75573,-13.45898,0.081,0.009,0.012,0.00338707,0.081273135,0.092903226,4.94387983,35411000,0.2752,0.00338707,0.081273135,0.092903226,4.94387983
9,AUB,2013,"618,362,157",0.51014,1.05722,3.05397,0.079,0.008,0.011,0.31913634,0.061679646,-0.079354839,7.899735023,34366000,-0.02951,0.31913634,0.061679646,-0.079354839,7.899735023
9,AUB,2014,"1,094,529,840",0.77005,0.70298,5.75274,0.053,0.007,0.01,0.11914151,0.075446636,0.037419355,4.565764439,52164000,0.5179,0.11914151,0.075446636,0.037419355,4.565764439
9,AUB,2015,"1,133,871,714",0.03594,0.68334,6.35363,0.068,0.009,0.012,-0.0023696,0.064467186,0.118064516,1.082028275,67079000,0.28593,-0.0023696,0.064467186,0.118064516,1.082028275
9,AUB,2016,"1,556,770,676",0.37297,0.98907,11.31479,0.078,0.01,0.012,-0.00585918,0.057874364,0.299354839,1.23973597,77476000,0.155,-0.00585918,0.057874364,0.299354839,1.23973597
9,AUB,2017,"1,581,789,406",0.01607,1.16542,12.06481,0.071,0.008,0.011,-0.00303749,0.067805067,0.761612903,0.431470995,72923000,-0.05877,-0.00303749,0.067805067,0.761612903,0.431470995
9,AUB,2018,"1,862,724,763",0.17761,0.91255,8.03925,0.078,0.011,0.013,-0.08514775,0.061834403,0.972580645,0.101179986,146248000,1.00551,-0.08514775,0.061834403,0.972580645,0.101179986
9,AUB,2019,"3,028,373,254",0.62578,0.60234,8.46109,0.077,0.011,0.013,0.00790062,0.049918222,-0.723225806,0.01556497,193528000,0.32329,0.00790062,0.049918222,-0.723225806,0.01556497
9,AUB,2020,"2,592,993,813",-0.14377,0.3104,4.15479,0.059,0.008,0.01,0.57560369,0.143210333,-1.460967742,-7.588985688,158228000,-0.21164,0.57560369,0.143210333,-1.460967742,-7.588985688
9,AUB,2021,"2,821,104,584",0.08797,0.18693,1.54265,0.093,0.013,0.017,0.17559228,0.071445957,-0.010322581,15.91849214,263917000,0.65202,0.17559228,0.071445957,-0.010322581,15.91849214
10,SSB,2004,"256,499,138",0.11202,1.18803,12.05363,0.121,0.01,0.014,0.06269718,0.05064302,1.171935484,1.065023483,14016000,-0.05208,0.06269718,0.05064302,1.171935484,1.065023483
10,SSB,2005,"269,783,752",0.05179,1.98392,14.34655,0.128,0.01,0.013,0.03770142,0.038972171,2.000967742,1.224294601,16655000,0.18828,0.03770142,0.038972171,2.000967742,1.224294601
10,SSB,2006,"363,623,869",0.34783,1.81311,23.34349,0.126,0.009,0.013,0.02666631,0.032639133,1.080967742,0.671091796,19805000,0.18913,0.02666631,0.032639133,1.080967742,0.671091796
10,SSB,2007,"291,685,894",-0.19784,2.04611,16.93331,0.119,0.009,0.013,0.02634684,0.013461014,-0.993548387,-0.776062595,21565000,0.08887,0.02634684,0.013461014,-0.993548387,-0.776062595
10,SSB,2008,"387,867,354",0.32974,1.42846,22.4578,0.07,0.006,0.008,0.92001516,0.067851275,-4.089354839,-10.79813249,15785000,-0.26803,0.92001516,0.067851275,-4.089354839,-10.79813249
10,SSB,2009,"352,353,478",-0.09156,1.08246,8.98348,0.031,0.003,0.007,-0.00158462,0.051538923,-0.037096774,-23.4155207,13595000,-0.43484,-0.00158462,0.051538923,-0.037096774,-23.4155207
10,SSB,2010,"418,726,894",0.18837,0.72129,3.00651,0.156,0.014,0.022,0.07526413,0.057877427,0.06516129,6.06811579,51882000,4.81572,0.07526413,0.057877427,0.06516129,6.06811579
10,SSB,2011,"406,561,022",-0.02905,0.59489,1.67603,0.06,0.006,0.009,0.18930096,0.085119028,-0.111612903,8.73132471,22595000,-0.56449,0.18930096,0.085119028,-0.111612903,8.73132471
10,SSB,2012,"607,671,632",0.49466,0.5783,1.80965,0.069,0.007,0.01,0.00338707,0.081273135,0.092903226,4.94387983,30032000,0.32914,0.00338707,0.081273135,0.092903226,4.94387983
10,SSB,2013,"1,601,328,946",1.63519,0.31938,1.37051,0.064,0.007,0.012,0.31913634,0.061679646,-0.079354839,7.899735023,49219000,0.5938,0.31913634,0.061679646,-0.079354839,7.899735023
10,SSB,2014,"1,619,329,446",0.01124,0.32769,3.03164,0.077,0.009,0.015,0.11914151,0.075446636,0.037419355,4.565764439,75437000,0.55362,0.11914151,0.075446636,0.037419355,4.565764439
10,SSB,2015,"1,742,489,561",0.07606,0.32414,2.00015,0.096,0.012,0.02,-0.0023696,0.064467186,0.118064516,1.082028275,99473000,0.33765,-0.0023696,0.064467186,0.118064516,1.082028275
10,SSB,2016,"2,116,724,868",0.21477,0.32534,3.28774,0.091,0.012,0.019,-0.00585918,0.057874364,0.299354839,1.23973597,101282000,0.01819,-0.00585918,0.057874364,0.299354839,1.23973597
10,SSB,2017,"2,552,995,718",0.20611,0.21796,2.75384,0.049,0.007,0.015,-0.00303749,0.067805067,0.761612903,0.431470995,87554000,-0.13554,-0.00303749,0.067805067,0.761612903,0.431470995
10,SSB,2018,"2,189,799,885",-0.14226,0.22682,1.89483,0.076,0.012,0.016,-0.08514775,0.061834403,0.972580645,0.101179986,178871000,1.04298,-0.08514775,0.061834403,0.972580645,0.101179986
10,SSB,2019,"2,927,123,878",0.33671,0.46973,6.41759,0.079,0.012,0.015,0.00790062,0.049918222,-0.723225806,0.01556497,186483000,0.04256,0.00790062,0.049918222,-0.723225806,0.01556497
10,SSB,2020,"5,129,665,985",0.75246,0.25169,2.1414,0.03,0.004,0.004,0.57560369,0.143210333,-1.460967742,-7.588985688,120632000,-0.35312,0.57560369,0.143210333,-1.460967742,-7.588985688
10,SSB,2021,"5,593,277,797",0.09038,0.23076,1.97921,0.1,0.012,0.018,0.17559228,0.071445957,-0.010322581,15.91849214,475543000,2.9421,0.17559228,0.071445957,-0.010322581,15.91849214
11,SNV,2004,"8,849,998,232",0.01408,1.169,4.937,0.174,0.018,0.027,0.06269718,0.05064302,1.171935484,1.065023483,437033000,0.1236948,0.06269718,0.05064302,1.171935484,1.065023483
11,SNV,2005,"8,435,614,623",-0.04682,1.048,6.353,0.183,0.019,0.025,0.03770142,0.038972171,2.000967742,1.224294601,516446000,0.18170939,0.03770142,0.038972171,2.000967742,1.224294601
11,SNV,2006,"10,019,403,984",0.18775,0.789,4.733,0.178,0.02,0.026,0.02666631,0.032639133,1.080967742,0.671091796,616917000,0.194543089,0.02666631,0.032639133,1.080967742,0.671091796
11,SNV,2007,"7,909,461,911",-0.21059,1.223,10.115,0.138,0.016,0.02,0.02634684,0.013461014,-0.993548387,-0.776062595,526305000,-0.146878754,0.02634684,0.013461014,-0.993548387,-0.776062595
11,SNV,2008,"2,741,711,912",-0.65336,0.748,5.163,-0.166,-0.017,-0.018,0.92001516,0.067851275,-4.089354839,-10.79813249,-582438000,-2.106654886,0.92001516,0.067851275,-4.089354839,-10.79813249
11,SNV,2009,"984,811,449",-0.6408,0.781,5.688,-0.471,-0.044,-0.046,-0.00158462,0.051538923,-0.037096774,-23.4155207,-1431705000,1.458124298,-0.00158462,0.051538923,-0.037096774,-23.4155207
11,SNV,2010,"2,072,736,907",1.1047,0.77,2.586,-0.277,-0.027,-0.027,0.07526413,0.057877427,0.06516129,6.06811579,-790678000,-0.447736789,0.07526413,0.057877427,0.06516129,6.06811579
11,SNV,2011,"1,107,267,335",-0.46579,0.594,2.645,-0.042,-0.004,-0.002,0.18930096,0.085119028,-0.111612903,8.73132471,-60624000,-0.923326563,0.18930096,0.085119028,-0.111612903,8.73132471
11,SNV,2012,"1,927,148,556",0.74045,0.54,4.332,0.255,0.029,0.001,0.00338707,0.081273135,0.092903226,4.94387983,830209000,-14.69439496,0.00338707,0.081273135,0.092903226,4.94387983
11,SNV,2013,"3,500,189,489",0.81625,0.74,3.783,0.036,0.005,0.009,0.31913634,0.061679646,-0.079354839,7.899735023,159383000,-0.808020631,0.31913634,0.061679646,-0.079354839,7.899735023
11,SNV,2014,"3,699,720,824",0.05701,0.745,6.502,0.061,0.007,0.011,0.11914151,0.075446636,0.037419355,4.565764439,195249000,0.225030273,0.11914151,0.075446636,0.037419355,4.565764439
11,SNV,2015,"4,228,841,502",0.14302,0.788,5.674,0.072,0.008,0.012,-0.0023696,0.064467186,0.118064516,1.082028275,226082000,0.157916302,-0.0023696,0.064467186,0.118064516,1.082028275
11,SNV,2016,"5,024,022,503",0.18804,0.793,5.377,0.081,0.008,0.013,-0.00585918,0.057874364,0.299354839,1.23973597,246784000,0.091568546,-0.00585918,0.057874364,0.299354839,1.23973597
11,SNV,2017,"5,729,540,902",0.14043,0.631,3.219,0.089,0.009,0.015,-0.00303749,0.067805067,0.761612903,0.431470995,275474000,0.116255511,-0.00303749,0.067805067,0.761612903,0.431470995
11,SNV,2018,"3,722,869,488",-0.35023,0.812,5.248,0.134,0.013,0.017,-0.08514775,0.061834403,0.972580645,0.101179986,428476000,0.555413578,-0.08514775,0.061834403,0.972580645,0.101179986
11,SNV,2019,"5,744,555,611",0.54305,0.824,7.276,0.113,0.011,0.015,0.00790062,0.049918222,-0.723225806,0.01556497,563780000,0.315779647,0.00790062,0.049918222,-0.723225806,0.01556497
11,SNV,2020,"4,784,488,960",-0.16713,0.277,-109.443,0.067,0.006,0.009,0.57560369,0.143210333,-1.460967742,-7.588985688,373695000,-0.337161659,0.57560369,0.143210333,-1.460967742,-7.588985688
11,SNV,2021,"6,965,607,740",0.45587,0.277,1.912,0.139,0.013,0.018,0.17559228,0.071445957,-0.010322581,15.91849214,760467000,1.034993778,0.17559228,0.071445957,-0.010322581,15.91849214
12,TCBI,2004,"547,493,832",0.51617,3.15253,-35.86641,0.105,0.008,0.01,0.06269718,0.05064302,1.171935484,1.065023483,19560000,0.48915,0.06269718,0.05064302,1.171935484,1.065023483
12,TCBI,2005,"574,943,297",0.05014,1.44817,8.11004,0.131,0.01,0.013,0.03770142,0.038972171,2.000967742,1.224294601,27192000,0.39018,0.03770142,0.038972171,2.000967742,1.224294601
12,TCBI,2006,"517,522,701",-0.09987,1.28184,-3.22921,0.123,0.008,0.012,0.02666631,0.032639133,1.080967742,0.671091796,28924000,0.0637,0.02666631,0.032639133,1.080967742,0.671091796
12,TCBI,2007,"479,341,707",-0.07378,3.04013,13.08661,0.106,0.007,0.01,0.02634684,0.013461014,-0.993548387,-0.776062595,29422000,0.01722,0.02634684,0.013461014,-0.993548387,-0.776062595
12,TCBI,2008,"412,149,494",-0.14018,3.60142,-4.33588,0.07,0.005,0.007,0.92001516,0.067851275,-4.089354839,-10.79813249,24266000,-0.17524,0.92001516,0.067851275,-4.089354839,-10.79813249
12,TCBI,2009,"499,833,165",0.21275,2.22377,-7.35896,0.04,0.004,0.006,-0.00158462,0.051538923,-0.037096774,-23.4155207,24152000,-0.22653,-0.00158462,0.051538923,-0.037096774,-23.4155207
12,TCBI,2010,"785,243,904",0.57101,0.77849,-1.00868,0.072,0.006,0.009,0.07526413,0.057877427,0.06516129,6.06811579,37187000,0.9813,0.07526413,0.057877427,0.06516129,6.06811579
12,TCBI,2011,"1,146,760,612",0.46039,3.05278,25.92807,0.131,0.011,0.015,0.18930096,0.085119028,-0.111612903,8.73132471,75976000,1.04308,0.18930096,0.085119028,-0.111612903,8.73132471
12,TCBI,2012,"1,819,133,184",0.58632,2.59682,25.32912,0.163,0.013,0.017,0.00338707,0.081273135,0.092903226,4.94387983,120672000,0.58829,0.00338707,0.081273135,0.092903226,4.94387983
12,TCBI,2013,"2,549,096,759",0.40127,1.14018,6.67227,0.108,0.01,0.016,0.31913634,0.061679646,-0.079354839,7.899735023,121051000,-0.05813,0.31913634,0.061679646,-0.079354839,7.899735023
12,TCBI,2014,"2,346,374,593",-0.07953,1.0727,11.21228,0.096,0.009,0.015,0.11914151,0.075446636,0.037419355,4.565764439,136352000,0.1139,0.11914151,0.075446636,0.037419355,4.565764439
12,TCBI,2015,"2,265,628,321",-0.03441,1.25476,31.87562,0.086,0.007,0.012,-0.0023696,0.064467186,0.118064516,1.082028275,144854000,0.06716,-0.0023696,0.064467186,0.118064516,1.082028275
12,TCBI,2016,"3,607,440,290",0.59225,1.24606,-3.43738,0.082,0.007,0.012,-0.00585918,0.057874364,0.299354839,1.23973597,155119000,0.07598,-0.00585918,0.057874364,0.299354839,1.23973597
12,TCBI,2017,"4,411,799,850",0.22297,1.61612,29.69117,0.088,0.008,0.014,-0.00303749,0.067805067,0.761612903,0.431470995,197063000,0.28853,-0.00303749,0.067805067,0.761612903,0.431470995
12,TCBI,2018,"2,563,777,178",-0.41888,1.97423,-7.18154,0.119,0.011,0.013,-0.08514775,0.061834403,0.972580645,0.101179986,293387000,0.51424,-0.08514775,0.061834403,0.972580645,0.101179986
12,TCBI,2019,"2,856,697,794",0.11425,1.04854,-11.43631,0.112,0.01,0.013,0.00790062,0.049918222,-0.723225806,0.01556497,312015000,0.06568,0.00790062,0.049918222,-0.723225806,0.01556497
12,TCBI,2020,"3,002,337,692",0.05098,1.22166,1.33013,0.02,0.002,0.003,0.57560369,0.143210333,-1.460967742,-7.588985688,66289000,-0.81295,0.57560369,0.143210333,-1.460967742,-7.588985688
12,TCBI,2021,"3,049,103,442",0.01558,0.97568,4.79429,0.074,0.006,0.011,0.17559228,0.071445957,-0.010322581,15.91849214,253939000,3.16028,0.17559228,0.071445957,-0.010322581,15.91849214
13,BANF,2004,"618,689,514",0.37021,0.315,2.983,0.139,0.012,0.021,0.06269718,0.05064302,1.171935484,1.065023483,37176000,0.16605,0.06269718,0.05064302,1.171935484,1.065023483
13,BANF,2005,"617,445,040",-0.00201,0.308,2.315,0.147,0.014,0.022,0.03770142,0.038972171,2.000967742,1.224294601,42835000,0.15222,0.03770142,0.038972171,2.000967742,1.224294601
13,BANF,2006,"850,374,234",0.37725,0.219,3.528,0.15,0.015,0.025,0.02666631,0.032639133,1.080967742,0.671091796,49352000,0.15214,0.02666631,0.032639133,1.080967742,0.671091796
13,BANF,2007,"652,009,157",-0.23327,0.155,1.2,0.146,0.015,0.027,0.02634684,0.013461014,-0.993548387,-0.776062595,53093000,0.0758,0.02634684,0.013461014,-0.993548387,-0.776062595
13,BANF,2008,"807,553,432",0.23856,0.096,0.842,0.112,0.012,0.02,0.92001516,0.067851275,-4.089354839,-10.79813249,44358000,-0.16452,0.92001516,0.067851275,-4.089354839,-10.79813249
13,BANF,2009,"566,819,083",-0.2981,0.062,-5.07,0.077,0.008,0.014,-0.00158462,0.051538923,-0.037096774,-23.4155207,32609000,-0.26487,-0.00158462,0.051538923,-0.037096774,-23.4155207
13,BANF,2010,"632,623,700",0.11609,0.153,0.57,0.094,0.009,0.018,0.07526413,0.057877427,0.06516129,6.06811579,42309000,0.29746,0.07526413,0.057877427,0.06516129,6.06811579
13,BANF,2011,"568,006,778",-0.10214,0.13,1.365,0.096,0.008,0.019,0.18930096,0.085119028,-0.111612903,8.73132471,45621000,0.07828,0.18930096,0.085119028,-0.111612903,8.73132471
13,BANF,2012,"644,922,867",0.13541,0.078,0.865,0.103,0.009,0.02,0.00338707,0.081273135,0.092903226,4.94387983,51900000,0.13763,0.00338707,0.081273135,0.092903226,4.94387983
13,BANF,2013,"857,907,034",0.33025,0.069,0.597,0.1,0.009,0.02,0.31913634,0.061679646,-0.079354839,7.899735023,54317000,0.04657,0.31913634,0.061679646,-0.079354839,7.899735023
13,BANF,2014,"981,692,151",0.14429,0.051,0.471,0.109,0.01,0.02,0.11914151,0.075446636,0.037419355,4.565764439,63887000,0.17619,0.11914151,0.075446636,0.037419355,4.565764439
13,BANF,2015,"914,312,554",-0.06864,0.05,0.485,0.103,0.01,0.021,-0.0023696,0.064467186,0.118064516,1.082028275,66170000,0.03573,-0.0023696,0.064467186,0.118064516,1.082028275
13,BANF,2016,"1,461,665,038",0.59865,0.046,0.407,0.103,0.01,0.021,-0.00585918,0.057874364,0.299354839,1.23973597,70674000,0.06807,-0.00585918,0.057874364,0.299354839,1.23973597
13,BANF,2017,"1,630,153,722",0.11527,0.042,0.358,0.115,0.012,0.026,-0.00303749,0.067805067,0.761612903,0.431470995,86439000,0.22307,-0.00303749,0.067805067,0.761612903,0.431470995
13,BANF,2018,"1,634,409,131",0.00261,0.032,0.323,0.144,0.017,0.027,-0.08514775,0.061834403,0.972580645,0.101179986,125814000,0.45552,-0.08514775,0.061834403,0.972580645,0.101179986
13,BANF,2019,"2,039,681,774",0.24796,0.028,0.212,0.139,0.017,0.027,0.00790062,0.049918222,-0.723225806,0.01556497,134879000,0.07205,0.00790062,0.049918222,-0.723225806,0.01556497
13,BANF,2020,"1,918,449,190",-0.05944,0.026,0.317,0.096,0.011,0.017,0.57560369,0.143210333,-1.460967742,-7.588985688,99586000,-0.26166,0.57560369,0.143210333,-1.460967742,-7.588985688
13,BANF,2021,"2,298,295,632",0.198,0.073,0.529,0.148,0.016,0.029,0.17559228,0.071445957,-0.010322581,15.91849214,167630000,0.68327,0.17559228,0.071445957,-0.010322581,15.91849214
14,BANR,2004,"363,497,336",0.26541,3.363,48.173,0.092,0.007,0.008,0.06269718,0.05064302,1.171935484,1.065023483,19340000,0.200720184,0.06269718,0.05064302,1.171935484,1.065023483
14,BANR,2005,"374,919,761",0.03142,2.074,125.121,0.055,0.004,0.005,0.03770142,0.038972171,2.000967742,1.224294601,11980000,-0.380558428,0.03770142,0.038972171,2.000967742,1.224294601
14,BANR,2006,"545,369,319",0.45463,1.613,13.337,0.133,0.009,0.013,0.02666631,0.032639133,1.080967742,0.671091796,31544000,1.633055092,0.02666631,0.032639133,1.080967742,0.671091796
14,BANR,2007,"465,600,046",-0.14627,0.85,5.852,0.096,0.009,0.013,0.02634684,0.013461014,-0.993548387,-0.776062595,36923000,0.170523713,0.02634684,0.013461014,-0.993548387,-0.776062595
14,BANR,2008,"160,124,343",-0.65609,0.735,-24.333,-0.316,-0.028,-0.028,0.92001516,0.067851275,-4.089354839,-10.79813249,-127993000,-4.466484305,0.92001516,0.067851275,-4.089354839,-10.79813249
14,BANR,2009,"54,969,568",-0.65671,1.023,6.254,-0.106,-0.009,-0.013,-0.00158462,0.051538923,-0.037096774,-23.4155207,-35764000,-0.720578469,-0.00158462,0.051538923,-0.037096774,-23.4155207
14,BANR,2010,"259,979,970",3.72953,0.524,2.383,-0.14,-0.015,-0.01,0.07526413,0.057877427,0.06516129,6.06811579,-61896000,0.730678895,0.07526413,0.057877427,0.06516129,6.06811579
14,BANR,2011,"295,200,034",0.13547,0.399,2.176,-0.005,-0.001,0.001,0.18930096,0.085119028,-0.111612903,8.73132471,5457000,-1.088164017,0.18930096,0.085119028,-0.111612903,8.73132471
14,BANR,2012,"597,851,074",1.02524,0.316,2.111,0.107,0.014,0.01,0.00338707,0.081273135,0.092903226,4.94387983,64882000,10.88968298,0.00338707,0.081273135,0.092903226,4.94387983
14,BANR,2013,"875,951,727",0.46517,0.342,2.114,0.088,0.011,0.016,0.31913634,0.061679646,-0.079354839,7.899735023,46214000,-0.287722327,0.31913634,0.061679646,-0.079354839,7.899735023
14,BANR,2014,"841,975,093",-0.03879,0.322,2.034,0.095,0.012,0.017,0.11914151,0.075446636,0.037419355,4.565764439,54070000,0.169991777,0.11914151,0.075446636,0.037419355,4.565764439
14,BANR,2015,"1,505,268,421",0.78778,0.249,78.211,0.055,0.007,0.011,-0.0023696,0.064467186,0.118064516,1.082028275,45222000,-0.163639726,-0.0023696,0.064467186,0.118064516,1.082028275
14,BANR,2016,"1,870,360,642",0.24254,0.195,-2.771,0.064,0.009,0.013,-0.00585918,0.057874364,0.299354839,1.23973597,85385000,0.888129671,-0.00585918,0.057874364,0.299354839,1.23973597
14,BANR,2017,"1,813,806,390",-0.03024,0.153,0.582,0.046,0.006,0.015,-0.00303749,0.067805067,0.761612903,0.431470995,60776000,-0.288212215,-0.00303749,0.067805067,0.761612903,0.431470995
14,BANR,2018,"1,732,737,133",-0.0447,0.523,100.674,0.104,0.013,0.015,-0.08514775,0.061834403,0.972580645,0.101179986,136515000,1.246199158,-0.08514775,0.061834403,0.972580645,0.101179986
14,BANR,2019,"1,933,870,103",0.11608,0.431,5.506,0.095,0.012,0.015,0.00790062,0.049918222,-0.723225806,0.01556497,146278000,0.071515951,0.00790062,0.049918222,-0.723225806,0.01556497
14,BANR,2020,"1,637,901,221",-0.15304,0.366,5.412,0.071,0.008,0.01,0.57560369,0.143210333,-1.460967742,-7.588985688,115928000,-0.207481645,0.57560369,0.143210333,-1.460967742,-7.588985688
14,BANR,2021,"2,078,091,106",0.26875,0.351,2.036,0.121,0.012,0.017,0.17559228,0.071445957,-0.010322581,15.91849214,201048000,0.734248844,0.17559228,0.071445957,-0.010322581,15.91849214
15,TRMK,2004,1796555421,0.04994,2.37043,12.07083,0.16,0.014,0.018,0.06269718,0.05064302,1.171935484,1.065023483,116709000,-0.01536,0.06269718,0.05064302,1.171935484,1.065023483
15,TRMK,2005,1532957416,-0.14672,1.7182,8.68509,0.14,0.012,0.017,0.03770142,0.038972171,2.000967742,1.224294601,102951000,-0.11788,0.03770142,0.038972171,2.000967742,1.224294601
15,TRMK,2006,1917911009,0.25112,0.96628,6.41422,0.145,0.014,0.021,0.02666631,0.032639133,1.080967742,0.671091796,119273000,0.15854,0.02666631,0.032639133,1.080967742,0.671091796
15,TRMK,2007,1452428267,-0.2427,1.14712,18.92659,0.12,0.012,0.018,0.02634684,0.013461014,-0.993548387,-0.776062595,108595000,-0.08953,0.02634684,0.013461014,-0.993548387,-0.776062595
15,TRMK,2008,1237638697,-0.14788,1.41025,17.31684,0.091,0.01,0.014,0.92001516,0.067851275,-4.089354839,-10.79813249,92417000,-0.16143,0.92001516,0.067851275,-4.089354839,-10.79813249
15,TRMK,2009,1294698659,0.0461,0.99262,6.61143,0.062,0.008,0.013,-0.00158462,0.051538923,-0.037096774,-23.4155207,93047000,-0.19783,-0.00158462,0.051538923,-0.037096774,-23.4155207
15,TRMK,2010,1586957924,0.22574,1.07626,6.17827,0.088,0.011,0.015,0.07526413,0.057877427,0.06516129,6.06811579,100636000,0.37765,0.07526413,0.057877427,0.06516129,6.06811579
15,TRMK,2011,1557456218,-0.01859,0.66156,4.96365,0.089,0.011,0.015,0.18930096,0.085119028,-0.111612903,8.73132471,106841000,0.06166,0.18930096,0.085119028,-0.111612903,8.73132471
15,TRMK,2012,1454965291,-0.06581,0.37866,5.12545,0.093,0.012,0.016,0.00338707,0.081273135,0.092903226,4.94387983,117283000,0.09773,0.00338707,0.081273135,0.092903226,4.94387983
15,TRMK,2013,1803290867,0.2394,0.3234,1.51433,0.087,0.01,0.013,0.31913634,0.061679646,-0.079354839,7.899735023,117060000,-0.0019,0.31913634,0.061679646,-0.079354839,7.899735023
15,TRMK,2014,1654976348,-0.08225,0.69134,4.82346,0.088,0.01,0.013,0.11914151,0.075446636,0.037419355,4.565764439,123562000,0.05554,0.11914151,0.075446636,0.037419355,4.565764439
15,TRMK,2015,1556533786,-0.05948,0.99564,9.51733,0.079,0.009,0.012,-0.0023696,0.064467186,0.118064516,1.082028275,116038000,-0.06089,-0.0023696,0.064467186,0.118064516,1.082028275
15,TRMK,2016,2410912247,0.5489,1.06729,11.85137,0.071,0.008,0.01,-0.00585918,0.057874364,0.299354839,1.23973597,108411000,-0.06573,-0.00585918,0.057874364,0.299354839,1.23973597
15,TRMK,2017,2158264421,-0.10479,0.95672,7.66139,0.068,0.008,0.011,-0.00303749,0.067805067,0.761612903,0.431470995,105630000,-0.02565,-0.00303749,0.067805067,0.761612903,0.431470995
15,TRMK,2018,1907336318,-0.11626,0.12078,0.9061,0.094,0.011,0.013,-0.08514775,0.061834403,0.972580645,0.101179986,149584000,0.41611,-0.08514775,0.061834403,0.972580645,0.101179986
15,TRMK,2019,2217618225,0.16268,0.26231,4.8971,0.092,0.011,0.013,0.00790062,0.049918222,-0.723225806,0.01556497,150460000,0.00586,0.00790062,0.049918222,-0.723225806,0.01556497
15,TRMK,2020,1732104524,-0.21893,0.33795,15.76661,0.094,0.01,0.013,0.57560369,0.143210333,-1.460967742,-7.588985688,160025000,0.06357,0.57560369,0.143210333,-1.460967742,-7.588985688
15,TRMK,2021,"2,027,139,075",0.17033,0.33687,1.84152,0.084,0.009,0.012,0.17559228,0.071445957,-0.010322581,15.91849214,147365000,-0.07911,0.17559228,0.071445957,-0.010322581,15.91849214
16,CATY,2004,"1,868,900,475",0.34534,1.01983,6.2112,0.131,0.015,0.023,0.06269718,0.05064302,1.171935484,1.065023483,86813000,0.562171597,0.06269718,0.05064302,1.171935484,1.065023483
16,CATY,2005,"1,803,064,947",-0.03523,0.84253,5.98937,0.141,0.017,0.026,0.03770142,0.038972171,2.000967742,1.224294601,104091000,0.199025492,0.03770142,0.038972171,2.000967742,1.224294601
16,CATY,2006,"1,788,339,984",-0.00817,1.41864,12.7708,0.136,0.016,0.022,0.02666631,0.032639133,1.080967742,0.671091796,117570000,0.129492463,0.02666631,0.032639133,1.080967742,0.671091796
16,CATY,2007,"1,319,633,416",-0.26209,3.1756,20.92749,0.134,0.013,0.017,0.02634684,0.013461014,-0.993548387,-0.776062595,125469000,0.067185507,0.02634684,0.013461014,-0.993548387,-0.776062595
16,CATY,2008,"1,175,784,101",-0.10901,2.58423,23.27054,0.046,0.005,0.005,0.92001516,0.067851275,-4.089354839,-10.79813249,50521000,-0.59734277,0.92001516,0.067851275,-4.089354839,-10.79813249
16,CATY,2009,"466,813,027",-0.60298,2.07828,20.2002,-0.066,-0.007,-0.009,-0.00158462,0.051538923,-0.037096774,-23.4155207,-67390000,-2.333900754,-0.00158462,0.051538923,-0.037096774,-23.4155207
16,CATY,2010,"1,311,385,185",1.80923,1.62765,14.21013,-0.003,0,0,0.07526413,0.057877427,0.06516129,6.06811579,11565000,-1.171612999,0.07526413,0.057877427,0.06516129,6.06811579
16,CATY,2011,"1,174,195,410",-0.10461,1.2296,10.82738,0.057,0.008,0.013,0.18930096,0.085119028,-0.111612903,8.73132471,100150000,7.659749243,0.18930096,0.085119028,-0.111612903,8.73132471
16,CATY,2012,"1,538,019,490",0.30985,1.00386,10.07828,0.064,0.009,0.016,0.00338707,0.081273135,0.092903226,4.94387983,117438000,0.172621068,0.00338707,0.081273135,0.092903226,4.94387983
16,CATY,2013,"2,113,284,385",0.37403,1.02373,13.7164,0.076,0.011,0.017,0.31913634,0.061679646,-0.079354839,7.899735023,123143000,0.048578825,0.31913634,0.061679646,-0.079354839,7.899735023
16,CATY,2014,"2,039,631,962",-0.03485,0.6549,7.22484,0.089,0.012,0.019,0.11914151,0.075446636,0.037419355,4.565764439,137830000,0.119267843,0.11914151,0.075446636,0.037419355,4.565764439
16,CATY,2015,"2,537,826,778",0.24426,0.48808,4.90885,0.095,0.013,0.018,-0.0023696,0.064467186,0.118064516,1.082028275,161109000,0.168896467,-0.0023696,0.064467186,0.118064516,1.082028275
16,CATY,2016,"3,000,189,172",0.18219,0.46429,3.67697,0.098,0.013,0.018,-0.00585918,0.057874364,0.299354839,1.23973597,175099000,0.086835621,-0.00585918,0.057874364,0.299354839,1.23973597
16,CATY,2017,"3,408,178,008",0.13599,0.38266,3.00496,0.091,0.012,0.02,-0.00303749,0.067805067,0.761612903,0.431470995,176042000,0.005385525,-0.00303749,0.067805067,0.761612903,0.431470995
16,CATY,2018,"2,718,471,675",-0.20237,0.35792,2.3023,0.131,0.017,0.021,-0.08514775,0.061834403,0.972580645,0.101179986,271885000,0.544432579,-0.08514775,0.061834403,0.972580645,0.101179986
16,CATY,2019,"3,032,832,972",0.11564,0.3881,2.08114,0.125,0.016,0.02,0.00790062,0.049918222,-0.723225806,0.01556497,279135000,0.026665686,0.00790062,0.049918222,-0.723225806,0.01556497
16,CATY,2020,"2,564,280,090",-0.15449,0.14064,1.08247,0.097,0.012,0.014,0.57560369,0.143210333,-1.460967742,-7.588985688,228860000,-0.180109983,0.57560369,0.143210333,-1.460967742,-7.588985688
16,CATY,2021,"3,319,838,050",0.29465,0.0822,0.60827,0.121,0.015,0.022,0.17559228,0.071445957,-0.010322581,15.91849214,298304000,0.303434414,0.17559228,0.071445957,-0.010322581,15.91849214
17,CBU,2004,"864,636,874",0.35787,1.93944,11.76597,0.111,0.012,0.014,0.06269718,0.05064302,1.171935484,1.065023483,50196000,0.24309,0.06269718,0.05064302,1.171935484,1.065023483
17,CBU,2005,"675,196,587",-0.2191,1.42722,10.58664,0.11,0.012,0.015,0.03770142,0.038972171,2.000967742,1.224294601,50805000,0.01213,0.03770142,0.038972171,2.000967742,1.224294601
17,CBU,2006,"688,413,966",0.01958,1.74528,12.09325,0.084,0.009,0.011,0.02666631,0.032639133,1.080967742,0.671091796,38377000,-0.24462,0.02666631,0.032639133,1.080967742,0.671091796
17,CBU,2007,"589,618,942",-0.14351,1.94102,22.00166,0.092,0.009,0.009,0.02634684,0.013461014,-0.993548387,-0.776062595,42891000,0.11762,0.02634684,0.013461014,-0.993548387,-0.776062595
17,CBU,2008,"795,851,871",0.34977,1.58364,18.7137,0.092,0.01,0.011,0.92001516,0.067851275,-4.089354839,-10.79813249,45940000,0.07109,0.92001516,0.067851275,-4.089354839,-10.79813249
17,CBU,2009,"632,263,043",-0.20555,1.51455,28.33261,0.074,0.008,0.01,-0.00158462,0.051538923,-0.037096774,-23.4155207,41445000,-0.09785,-0.00158462,0.051538923,-0.037096774,-23.4155207
17,CBU,2010,"921,167,834",0.45694,1.3676,10.20602,0.105,0.012,0.015,0.07526413,0.057877427,0.06516129,6.06811579,63320000,0.52781,0.07526413,0.057877427,0.06516129,6.06811579
17,CBU,2011,"1,024,337,732",0.112,1.07197,9.79566,0.101,0.012,0.016,0.18930096,0.085119028,-0.111612903,8.73132471,73142000,0.15512,0.18930096,0.085119028,-0.111612903,8.73132471
17,CBU,2012,"1,083,078,186",0.05734,0.91953,8.50739,0.087,0.011,0.014,0.00338707,0.081273135,0.092903226,4.94387983,77068000,0.05368,0.00338707,0.081273135,0.092903226,4.94387983
17,CBU,2013,"1,601,342,984",0.47851,0.27861,2.73159,0.091,0.011,0.016,0.31913634,0.061679646,-0.079354839,7.899735023,78829000,0.02285,0.31913634,0.061679646,-0.079354839,7.899735023
17,CBU,2014,"1,548,015,581",-0.0333,0.44551,4.04792,0.095,0.012,0.018,0.11914151,0.075446636,0.037419355,4.565764439,91353000,0.15888,0.11914151,0.075446636,0.037419355,4.565764439
17,CBU,2015,"1,641,529,047",0.06041,0.3537,3.76468,0.087,0.011,0.017,-0.0023696,0.064467186,0.118064516,1.082028275,91230000,-0.00135,-0.0023696,0.064467186,0.118064516,1.082028275
17,CBU,2016,"2,742,285,616",0.67057,0.2073,2.01388,0.085,0.012,0.019,-0.00585918,0.057874364,0.299354839,1.23973597,103812000,0.13792,-0.00585918,0.057874364,0.299354839,1.23973597
17,CBU,2017,"2,720,241,759",-0.00804,0.29713,2.7167,0.099,0.015,0.016,-0.00303749,0.067805067,0.761612903,0.431470995,150717000,0.45183,-0.00303749,0.067805067,0.761612903,0.431470995
17,CBU,2018,"2,984,168,344",0.09702,0.24139,1.9816,0.101,0.016,0.021,-0.08514775,0.061834403,0.972580645,0.101179986,168641000,0.11892,-0.08514775,0.061834403,0.972580645,0.101179986
17,CBU,2019,"3,667,724,983",0.22906,0.18589,1.75226,0.093,0.015,0.021,0.00790062,0.049918222,-0.723225806,0.01556497,169063000,0.0025,0.00790062,0.049918222,-0.723225806,0.01556497
17,CBU,2020,"3,336,181,395",-0.09039,0.17646,2.24904,0.08,0.012,0.018,0.57560369,0.143210333,-1.460967742,-7.588985688,164676000,-0.02595,0.57560369,0.143210333,-1.460967742,-7.588985688
17,CBU,2021,"4,016,784,902",0.20401,0.15703,1.74201,0.092,0.013,0.02,0.17559228,0.071445957,-0.010322581,15.91849214,189694000,0.15192,0.17559228,0.071445957,-0.010322581,15.91849214
18,CFR,2004,"2,532,365,548",0.20372,1.07493,7.77782,0.178,0.014,0.023,0.06269718,0.05064302,1.171935484,1.065023483,141325000,0.08294,0.06269718,0.05064302,1.171935484,1.065023483
18,CFR,2005,"2,911,539,804",0.14973,1.17686,10.069,0.186,0.016,0.024,0.03770142,0.038972171,2.000967742,1.224294601,165423000,0.17051,0.03770142,0.038972171,2.000967742,1.224294601
18,CFR,2006,"3,121,224,868",0.07202,0.93895,-16.07573,0.171,0.016,0.025,0.02666631,0.032639133,1.080967742,0.671091796,193591000,0.17028,0.02666631,0.032639133,1.080967742,0.671091796
18,CFR,2007,"2,962,552,726",-0.05084,0.90272,7.39879,0.15,0.016,0.024,0.02634684,0.013461014,-0.993548387,-0.776062595,212071000,0.09546,0.02634684,0.013461014,-0.993548387,-0.776062595
18,CFR,2008,"3,006,485,231",0.01483,0.83125,8.71592,0.128,0.015,0.021,0.92001516,0.067851275,-4.089354839,-10.79813249,207255000,-0.02271,0.92001516,0.067851275,-4.089354839,-10.79813249
18,CFR,2009,"2,997,009,200",-0.00315,0.46172,4.45404,0.097,0.011,0.016,-0.00158462,0.051538923,-0.037096774,-23.4155207,179034000,-0.13617,-0.00158462,0.051538923,-0.037096774,-23.4155207
18,CFR,2010,"3,724,569,310",0.24276,0.41201,2.07801,0.102,0.012,0.018,0.07526413,0.057877427,0.06516129,6.06811579,208764000,0.16606,0.07526413,0.057877427,0.06516129,6.06811579
18,CFR,2011,"3,240,485,860",-0.12997,0.41424,3.79912,0.099,0.011,0.018,0.18930096,0.085119028,-0.111612903,8.73132471,217535000,0.04201,0.18930096,0.085119028,-0.111612903,8.73132471
18,CFR,2012,"3,335,599,669",0.02935,0.32463,2.80086,0.1,0.011,0.016,0.00338707,0.081273135,0.092903226,4.94387983,237952000,0.09386,0.00338707,0.081273135,0.092903226,4.94387983
18,CFR,2013,"4,502,856,166",0.34994,0.35478,5.84941,0.094,0.01,0.015,0.31913634,0.061679646,-0.079354839,7.899735023,237866000,-0.0286,0.31913634,0.061679646,-0.079354839,7.899735023
18,CFR,2014,"4,454,451,946",-0.01075,0.36481,6.58659,0.098,0.01,0.015,0.11914151,0.075446636,0.037419355,4.565764439,277977000,0.16772,0.11914151,0.075446636,0.037419355,4.565764439
18,CFR,2015,"3,739,203,960",-0.16057,0.39077,4.51299,0.094,0.01,0.013,-0.0023696,0.064467186,0.118064516,1.082028275,279328000,0.00501,-0.0023696,0.064467186,0.118064516,1.082028275
18,CFR,2016,"5,554,947,918",0.4856,0.40403,2.73859,0.096,0.01,0.013,-0.00585918,0.057874364,0.299354839,1.23973597,304261000,0.09191,-0.00585918,0.057874364,0.299354839,1.23973597
18,CFR,2017,"5,978,519,073",0.07625,0.41923,2.71882,0.111,0.012,0.015,-0.00303749,0.067805067,0.761612903,0.431470995,364149000,0.20219,-0.00303749,0.067805067,0.761612903,0.431470995
18,CFR,2018,"5,623,241,164",-0.05943,0.47567,3.22599,0.135,0.014,0.018,-0.08514775,0.061834403,0.972580645,0.101179986,454918000,0.25491,-0.08514775,0.061834403,0.972580645,0.101179986
18,CFR,2019,"6,117,651,559",0.08792,0.49353,4.43375,0.115,0.013,0.016,0.00790062,0.049918222,-0.723225806,0.01556497,443599000,-0.02533,0.00790062,0.049918222,-0.723225806,0.01556497
18,CFR,2020,"5,482,805,101",-0.10377,0.54795,5.41013,0.08,0.008,0.011,0.57560369,0.143210333,-1.460967742,-7.588985688,331151000,-0.25696,0.57560369,0.143210333,-1.460967742,-7.588985688
18,CFR,2021,"8,032,551,059",0.46504,0.67325,5.07036,0.1,0.009,0.014,0.17559228,0.071445957,-0.010322581,15.91849214,443079000,0.34701,0.17559228,0.071445957,-0.010322581,15.91849214
19,CMA,2004,"10,407,571,200",0.05869,0.88854,4.86174,0.15,0.014,0.02,0.06269718,0.05064302,1.171935484,1.065023483,757000000,0.145234493,0.06269718,0.05064302,1.171935484,1.065023483
19,CMA,2005,"9,380,637,392",-0.09867,0.8528,6.05322,0.17,0.016,0.022,0.03770142,0.038972171,2.000967742,1.224294601,861000000,0.137384412,0.03770142,0.038972171,2.000967742,1.224294601
19,CMA,2006,"9,321,625,131",-0.00629,1.28857,8.17734,0.173,0.016,0.021,0.02666631,0.032639133,1.080967742,0.671091796,893000000,0.037166086,0.02666631,0.032639133,1.080967742,0.671091796
19,CMA,2007,"6,573,818,938",-0.29478,2.28181,14.15273,0.134,0.011,0.015,0.02634684,0.013461014,-0.993548387,-0.776062595,680000000,-0.238521837,0.02634684,0.013461014,-0.993548387,-0.776062595
19,CMA,2008,"2,987,144,916",-0.5456,2.35123,24.16092,0.034,0.003,0.003,0.92001516,0.067851275,-4.089354839,-10.79813249,213000000,-0.686764706,0.92001516,0.067851275,-4.089354839,-10.79813249
19,CMA,2009,"4,468,760,366",0.496,1.64077,678.41176,-0.017,-0.002,-0.002,-0.00158462,0.051538923,-0.037096774,-23.4155207,17000000,-0.920187793,-0.00158462,0.051538923,-0.037096774,-23.4155207
19,CMA,2010,"7,455,006,705",0.66825,1.082,4.87403,0.026,0.003,0.006,0.07526413,0.057877427,0.06516129,6.06811579,277000000,15.29411765,0.07526413,0.057877427,0.06516129,6.06811579
19,CMA,2011,"5,126,006,359",-0.31241,0.73005,7.42815,0.06,0.007,0.009,0.18930096,0.085119028,-0.111612903,8.73132471,393000000,0.418772563,0.18930096,0.085119028,-0.111612903,8.73132471
19,CMA,2012,"5,775,040,237",0.12662,0.69576,7.8282,0.073,0.008,0.012,0.00338707,0.081273135,0.092903226,4.94387983,521000000,0.325699746,0.00338707,0.081273135,0.092903226,4.94387983
19,CMA,2013,"8,695,574,155",0.50572,0.53091,5.17166,0.076,0.008,0.013,0.31913634,0.061679646,-0.079354839,7.899735023,541000000,0.038387716,0.31913634,0.061679646,-0.079354839,7.899735023
19,CMA,2014,"8,416,519,314",-0.03209,0.37706,4.9051,0.079,0.009,0.013,0.11914151,0.075446636,0.037419355,4.565764439,593000000,0.096118299,0.11914151,0.075446636,0.037419355,4.565764439
19,CMA,2015,"7,392,817,311",-0.12163,0.40754,4.13003,0.068,0.007,0.011,-0.0023696,0.064467186,0.118064516,1.082028275,521000000,-0.121416526,-0.0023696,0.064467186,0.118064516,1.082028275
19,CMA,2016,"11,732,831,636",0.58706,0.66508,13.26087,0.061,0.007,0.009,-0.00585918,0.057874364,0.299354839,1.23973597,477000000,-0.084452975,-0.00585918,0.057874364,0.299354839,1.23973597
19,CMA,2017,"15,097,564,449",0.28678,0.58169,4.55906,0.093,0.01,0.017,-0.00303749,0.067805067,0.761612903,0.431470995,743000000,0.557651992,-0.00303749,0.067805067,0.761612903,0.431470995
19,CMA,2018,"11,107,057,189",-0.26431,0.86679,4.26409,0.156,0.017,0.021,-0.08514775,0.061834403,0.972580645,0.101179986,1235000000,0.66218035,-0.08514775,0.061834403,0.972580645,0.101179986
19,CMA,2019,"10,343,073,464",-0.06878,1.00177,7.31076,0.163,0.017,0.02,0.00790062,0.049918222,-0.723225806,0.01556497,1202000000,-0.026720648,0.00790062,0.049918222,-0.723225806,0.01556497
19,CMA,2020,"7,769,447,971",-0.24883,0.71155,6.74676,0.062,0.006,0.008,0.57560369,0.143210333,-1.460967742,-7.588985688,497000000,-0.586522463,0.57560369,0.143210333,-1.460967742,-7.588985688
19,CMA,2021,"11,409,933,768",0.46856,0.35406,4.95745,0.143,0.013,0.02,0.17559228,0.071445957,-0.010322581,15.91849214,1168000000,1.350100604,0.17559228,0.071445957,-0.010322581,15.91849214
20,COLB,2004,"388,927,517",0.3402,0.45998,2.04907,0.13,0.012,0.017,0.06269718,0.05064302,1.171935484,1.065023483,22513000,0.153211761,0.06269718,0.05064302,1.171935484,1.065023483
20,COLB,2005,"451,405,449",0.16064,0.52724,2.90625,0.137,0.013,0.018,0.03770142,0.038972171,2.000967742,1.224294601,29631000,0.316172878,0.03770142,0.038972171,2.000967742,1.224294601
20,COLB,2006,"563,657,632",0.24867,0.98426,7.29209,0.134,0.013,0.017,0.02666631,0.032639133,1.080967742,0.671091796,32103000,0.083426142,0.02666631,0.032639133,1.080967742,0.671091796
20,COLB,2007,"531,989,779",-0.05618,0.8435,6.37383,0.109,0.011,0.015,0.02634684,0.013461014,-0.993548387,-0.776062595,32381000,0.008659627,0.02634684,0.013461014,-0.993548387,-0.776062595
20,COLB,2008,"216,541,012",-0.59296,0.60379,7.01353,0.015,0.002,0,0.92001516,0.067851275,-4.089354839,-10.79813249,5498000,-0.830209073,0.92001516,0.067851275,-4.089354839,-10.79813249
20,COLB,2009,"454,639,442",1.09955,0.28545,5.04991,-0.018,-0.003,-0.006,-0.00158462,0.051538923,-0.037096774,-23.4155207,-8371000,-2.522553656,-0.00158462,0.051538923,-0.037096774,-23.4155207
20,COLB,2010,"828,402,787",0.82211,0.2416,1.98785,0.038,0.006,0.007,0.07526413,0.057877427,0.06516129,6.06811579,25837000,-4.086489069,0.07526413,0.057877427,0.06516129,6.06811579
20,COLB,2011,"761,209,572",-0.08111,0.18965,2.01874,0.065,0.011,0.016,0.18930096,0.085119028,-0.111612903,8.73132471,48037000,0.859232883,0.18930096,0.085119028,-0.111612903,8.73132471
20,COLB,2012,"712,000,567",-0.06465,0.04142,0.26871,0.061,0.01,0.015,0.00338707,0.081273135,0.092903226,4.94387983,46143000,-0.039427941,0.00338707,0.081273135,0.092903226,4.94387983
20,COLB,2013,"1,409,402,816",0.9795,0.05849,0.92636,0.062,0.009,0.014,0.31913634,0.061679646,-0.079354839,7.899735023,60016000,0.30065232,0.31913634,0.061679646,-0.079354839,7.899735023
20,COLB,2014,"1,469,675,303",0.04276,0.26861,2.57786,0.073,0.011,0.016,0.11914151,0.075446636,0.037419355,4.565764439,81574000,0.359204212,0.11914151,0.075446636,0.037419355,4.565764439
20,COLB,2015,"1,876,820,180",0.27703,0.13544,1.18264,0.079,0.011,0.017,-0.0023696,0.064467186,0.118064516,1.082028275,98827000,0.211501214,-0.0023696,0.064467186,0.118064516,1.082028275
20,COLB,2016,"2,593,325,809",0.38177,0.0698,0.57836,0.083,0.011,0.017,-0.00585918,0.057874364,0.299354839,1.23973597,104866000,0.061106783,-0.00585918,0.057874364,0.299354839,1.23973597
20,COLB,2017,"2,535,730,288",-0.02221,0.06899,1.0006,0.077,0.011,0.018,-0.00303749,0.067805067,0.761612903,0.431470995,112828000,0.075925467,-0.00303749,0.067805067,0.761612903,0.431470995
20,COLB,2018,"2,658,524,655",0.04843,0.24394,2.05074,0.087,0.014,0.018,-0.08514775,0.061834403,0.972580645,0.101179986,172882000,0.532261495,-0.08514775,0.061834403,0.972580645,0.101179986
20,COLB,2019,"2,934,863,006",0.10394,0.48759,5.13913,0.091,0.014,0.018,0.00790062,0.049918222,-0.723225806,0.01556497,194451000,0.124761398,0.00790062,0.049918222,-0.723225806,0.01556497
20,COLB,2020,"2,570,642,368",-0.1241,0.04957,0.62387,0.068,0.01,0.013,0.57560369,0.143210333,-1.460967742,-7.588985688,154244000,-0.206771886,0.57560369,0.143210333,-1.460967742,-7.588985688
20,COLB,2021,"2,569,284,274",-0.00053,0.04391,0.46435,0.085,0.011,0.015,0.17559228,0.071445957,-0.010322581,15.91849214,202820000,0.314929592,0.17559228,0.071445957,-0.010322581,15.91849214
