SL,ID,Year, Market Capitalization ,Market Cap Growth,de,df,roe,roa,roic,ta,cc,ffr,lf,ni,nig,tag,cg,ffrg,lfg
1,BOKF,2003,2209731698,0.23494,2.26321,9.74217,0.134,0.012,0.016,13.54082315,6.57394717,0.984193548,-3.020719642,158360000,0.07093,0.04579269,0.057056113,-0.254193549,1.032640453
1,BOKF,2004,2889069788,0.30743,1.94645,8.43194,0.135,0.013,0.017,13.60352033,6.62459019,2.156129032,-1.955696159,179023000,0.13048,0.06269718,0.05064302,1.171935484,1.065023483
1,BOKF,2005,3023672153,0.04659,1.74653,9.0978,0.135,0.013,0.018,13.64122175,6.663562361,4.157096774,-0.731401558,201505000,0.12558,0.03770142,0.038972171,2.000967742,1.224294601
1,BOKF,2006,3676927974,0.21605,1.88263,14.24817,0.13,0.012,0.017,13.66788806,6.696201494,5.238064516,-0.060309762,212977000,0.05693,0.02666631,0.032639133,1.080967742,0.671091796
1,BOKF,2007,3470470088,-0.05615,2.40312,16.25542,0.118,0.011,0.015,13.6942349,6.709662508,4.244516129,-0.836372357,217664000,0.02201,0.02634684,0.013461014,-0.993548387,-0.776062595
1,BOKF,2008,2724327015,-0.215,2.67886,40.67754,0.079,0.007,0.008,14.61425006,6.777513783,0.15516129,-11.63450485,153232000,-0.29602,0.92001516,0.067851275,-4.089354839,-10.79813249
1,BOKF,2009,3217462633,0.18101,2.26839,17.85534,0.096,0.009,0.011,14.61266544,6.829052706,0.118064516,-35.05002555,200578000,0.30898,-0.00158462,0.051538923,-0.037096774,-23.4155207
1,BOKF,2010,3636066128,0.1301,1.39431,10.37485,0.101,0.01,0.014,14.68792957,6.886930133,0.183225806,-28.98190976,246754000,0.23021,0.07526413,0.057877427,0.06516129,6.06811579
1,BOKF,2011,3735591003,0.02737,1.00701,7.03148,0.107,0.012,0.017,14.87723053,6.972049161,0.071612903,-20.25058505,285875000,0.15854,0.18930096,0.085119028,-0.111612903,8.73132471
1,BOKF,2012,3715008179,-0.00551,1.03245,4.57368,0.121,0.013,0.019,14.8806176,7.053322296,0.164516129,-15.30670522,351191000,0.22848,0.00338707,0.081273135,0.092903226,4.94387983
1,BOKF,2013,4561992571,0.22799,1.01644,4.07427,0.106,0.012,0.016,15.19975394,7.115001942,0.08516129,-7.406970197,316609000,-0.09847,0.31913634,0.061679646,-0.079354839,7.899735023
1,BOKF,2014,4163023380,-0.08746,1.12843,-52.72263,0.091,0.01,0.015,15.31889545,7.190448578,0.122580645,-2.841205758,292435000,-0.07635,0.11914151,0.075446636,0.037419355,4.565764439
1,BOKF,2015,4048562123,-0.02749,1.94328,27.74269,0.087,0.009,0.013,15.31652585,7.254915764,0.240645161,-1.759177483,288565000,-0.01323,-0.0023696,0.064467186,0.118064516,1.082028275
1,BOKF,2016,5473204100,0.35189,1.74582,-61.58961,0.07,0.007,0.009,15.31066667,7.312790128,0.54,-0.519441513,232668000,-0.19371,-0.00585918,0.057874364,0.299354839,1.23973597
1,BOKF,2017,6042970484,0.1041,1.67494,24.58061,0.097,0.01,0.015,15.30762918,7.380595195,1.301612903,-0.087970518,334644000,0.43829,-0.00303749,0.067805067,0.761612903,0.431470995
1,BOKF,2018,4798294139,-0.20597,1.67386,-12.21543,0.118,0.013,0.014,15.22248143,7.442429598,2.274193548,0.013209468,445646000,0.3317,-0.08514775,0.061834403,0.972580645,0.101179986
1,BOKF,2019,6192990074,0.29066,1.77547,-10.83433,0.106,0.012,0.013,15.23038205,7.49234782,1.550967742,0.028774438,500758000,0.12367,0.00790062,0.049918222,-0.723225806,0.01556497
1,BOKF,2020,4814543444,-0.22258,0.72563,-7.89122,0.084,0.009,0.011,15.80598574,7.635558153,0.09,-7.56021125,435030000,-0.13126,0.57560369,0.143210333,-1.460967742,-7.588985688
1,BOKF,2021,7236272634,0.503,0.46505,-0.66842,0.116,0.013,0.017,15.98157802,7.70700411,0.079677419,8.358280893,618121000,0.42087,0.17559228,0.071445957,-0.010322581,15.91849214
2,ABCB,2003,157520049,0.2355,1.2439,8.53709,0.108,0.01,0.015,13.54082315,6.57394717,0.984193548,-3.020719642,12010000,0.159826171,0.04579269,0.057056113,-0.254193549,1.032640453
2,ABCB,2004,204466281,0.29803,1.26893,8.22153,0.111,0.011,0.016,13.60352033,6.62459019,2.156129032,-1.955696159,13101000,0.090840966,0.06269718,0.05064302,1.171935484,1.065023483
2,ABCB,2005,235421261,0.15139,1.05614,8.37829,0.105,0.01,0.015,13.64122175,6.663562361,4.157096774,-0.731401558,13728000,0.047858942,0.03770142,0.038972171,2.000967742,1.224294601
2,ABCB,2006,367275379,0.56008,0.74806,4.71562,0.138,0.012,0.018,13.66788806,6.696201494,5.238064516,-0.060309762,22128000,0.611888112,0.02666631,0.032639133,1.080967742,0.671091796
2,ABCB,2007,228134172,-0.37885,0.77111,20.00461,0.081,0.007,0.011,13.6942349,6.709662508,4.244516129,-0.836372357,15153000,-0.315211497,0.02634684,0.013461014,-0.993548387,-0.776062595
2,ABCB,2008,160754327,-0.29535,0.59194,8.94645,-0.021,-0.002,-0.003,14.61425006,6.777513783,0.15516129,-11.63450485,-3916000,-1.258430674,0.92001516,0.067851275,-4.089354839,-10.79813249
2,ABCB,2009,97978113,-0.39051,0.51047,5.29998,-0.2,-0.019,-0.016,14.61266544,6.829052706,0.118064516,-35.05002555,-41789000,9.671348315,-0.00158462,0.051538923,-0.037096774,-23.4155207
2,ABCB,2010,249008185,1.54147,0.56307,3.70682,-0.028,-0.003,-0.003,14.68792957,6.886930133,0.183225806,-28.98190976,-3989000,-0.904544258,0.07526413,0.057877427,0.06516129,6.06811579
2,ABCB,2011,244168442,-0.01944,0.34018,2.83003,0.063,0.006,0.012,14.87723053,6.972049161,0.071612903,-20.25058505,21093000,-6.287791426,0.18930096,0.085119028,-0.111612903,8.73132471
2,ABCB,2012,297501109,0.21843,0.33112,-5.66804,0.037,0.004,0.008,14.8806176,7.053322296,0.164516129,-15.30670522,14435000,-0.315649742,0.00338707,0.081273135,0.092903226,4.94387983
2,ABCB,2013,504645295,0.69628,1.05322,18.19816,0.062,0.006,0.01,15.19975394,7.115001942,0.08516129,-7.406970197,20018000,0.386768272,0.31913634,0.061679646,-0.079354839,7.899735023
2,ABCB,2014,722037733,0.43078,0.59426,-21.55331,0.113,0.01,0.014,15.31889545,7.190448578,0.122580645,-2.841205758,38723000,0.934409032,0.11914151,0.075446636,0.037419355,4.565764439
2,ABCB,2015,1094346017,0.51564,0.33503,-4.59217,0.082,0.008,0.012,15.31652585,7.254915764,0.240645161,-1.759177483,40847000,0.054851122,-0.0023696,0.064467186,0.118064516,1.082028275
2,ABCB,2016,1522510866,0.39125,0.97466,-7.83172,0.115,0.011,0.016,15.31066667,7.312790128,0.54,-0.519441513,72100000,0.76512351,-0.00585918,0.057874364,0.299354839,1.23973597
2,ABCB,2017,1794536562,0.17867,0.45588,-5.53105,0.093,0.01,0.016,15.30762918,7.380595195,1.301612903,-0.087970518,73548000,0.020083218,-0.00303749,0.067805067,0.761612903,0.431470995
2,ABCB,2018,1504353915,-0.1617,0.17945,-2.21059,0.095,0.012,0.015,15.22248143,7.442429598,2.274193548,0.013209468,121027000,0.645551205,-0.08514775,0.061834403,0.972580645,0.101179986
2,ABCB,2019,2963376941,0.96987,0.62638,-1.63485,0.082,0.011,0.015,15.23038205,7.49234782,1.550967742,0.028774438,161441000,0.333925488,0.00790062,0.049918222,-0.723225806,0.01556497
2,ABCB,2020,2645505086,-0.10727,0.21198,0.71849,0.104,0.013,0.018,15.80598574,7.635558153,0.09,-7.56021125,261988000,0.622809571,0.57560369,0.143210333,-1.460967742,-7.588985688
2,ABCB,2021,3459476289,0.30768,0.29397,-60.77017,0.132,0.017,0.027,15.98157802,7.70700411,0.079677419,8.358280893,376913000,0.43866513,0.17559228,0.071445957,-0.010322581,15.91849214
3,ACNB,2003,145143897,0.25647,2.154,12.984,0.151,0.013,0.015,13.54082315,6.57394717,0.984193548,-3.020719642,10768000,0.20934,0.04579269,0.057056113,-0.254193549,1.032640453
3,ACNB,2004,140795016,-0.02996,2.643,37.517,0.128,0.01,0.011,13.60352033,6.62459019,2.156129032,-1.955696159,9308000,-0.13559,0.06269718,0.05064302,1.171935484,1.065023483
3,ACNB,2005,108178410,-0.23166,2.501,25.354,0.101,0.008,0.008,13.64122175,6.663562361,4.157096774,-0.731401558,7376000,-0.20756,0.03770142,0.038972171,2.000967742,1.224294601
3,ACNB,2006,108450215,0.00251,2.658,24.352,0.097,0.008,0.008,13.66788806,6.696201494,5.238064516,-0.060309762,7290000,-0.01166,0.02666631,0.032639133,1.080967742,0.671091796
3,ACNB,2007,86745944,-0.20013,1.891,47.665,0.098,0.008,0.009,13.6942349,6.709662508,4.244516129,-0.836372357,7937000,0.08875,0.02634684,0.013461014,-0.993548387,-0.776062595
3,ACNB,2008,74287693,-0.14362,2.255,17.23,0.08,0.007,0.007,14.61425006,6.777513783,0.15516129,-11.63450485,6744000,-0.15031,0.92001516,0.067851275,-4.089354839,-10.79813249
3,ACNB,2009,76772042,0.03344,1.535,16.023,0.083,0.007,0.008,14.61266544,6.829052706,0.118064516,-35.05002555,7219000,0.07043,-0.00158462,0.051538923,-0.037096774,-23.4155207
3,ACNB,2010,93015702,0.21158,1.286,15.422,0.091,0.009,0.01,14.68792957,6.886930133,0.183225806,-28.98190976,8419000,0.16623,0.07526413,0.057877427,0.06516129,6.06811579
3,ACNB,2011,82169313,-0.11661,1.202,7.226,0.087,0.008,0.01,14.87723053,6.972049161,0.071612903,-20.25058505,8502000,0.00986,0.18930096,0.085119028,-0.111612903,8.73132471
3,ACNB,2012,96444450,0.17373,1.059,14.786,0.089,0.009,0.01,14.8806176,7.053322296,0.164516129,-15.30670522,8886000,0.04517,0.00338707,0.081273135,0.092903226,4.94387983
3,ACNB,2013,108119098,0.12105,1.234,8.353,0.09,0.009,0.011,15.19975394,7.115001942,0.08516129,-7.406970197,9315000,0.04828,0.31913634,0.061679646,-0.079354839,7.899735023
3,ACNB,2014,130746406,0.20928,1.151,16.517,0.093,0.01,0.012,15.31889545,7.190448578,0.122580645,-2.841205758,10290000,0.10467,0.11914151,0.075446636,0.037419355,4.565764439
3,ACNB,2015,128537726,-0.01689,0.974,8.836,0.097,0.01,0.012,15.31652585,7.254915764,0.240645161,-1.759177483,11017000,0.07065,-0.0023696,0.064467186,0.118064516,1.082028275
3,ACNB,2016,189408188,0.47356,0.907,9.298,0.091,0.009,0.012,15.31066667,7.312790128,0.54,-0.519441513,10869000,-0.01343,-0.00585918,0.057874364,0.299354839,1.23973597
3,ACNB,2017,207430510,0.09515,0.854,8.62,0.071,0.007,0.011,15.30762918,7.380595195,1.301612903,-0.087970518,9788000,-0.09946,-0.00303749,0.067805067,0.761612903,0.431470995
3,ACNB,2018,276407292,0.33253,0.703,4.25,0.134,0.013,0.016,15.22248143,7.442429598,2.274193548,0.013209468,21748000,1.2219,-0.08514775,0.061834403,0.972580645,0.101179986
3,ACNB,2019,267559065,-0.03201,0.545,4.243,0.13,0.014,0.017,15.23038205,7.49234782,1.550967742,0.028774438,23721000,0.09072,0.00790062,0.049918222,-0.723225806,0.01556497
3,ACNB,2020,217582825,-0.18679,0.37,3.842,0.073,0.008,0.01,15.80598574,7.635558153,0.09,-7.56021125,18394000,-0.22457,0.57560369,0.143210333,-1.460967742,-7.588985688
3,ACNB,2021,271981821,0.25002,0.269,1.795,0.104,0.01,0.016,15.98157802,7.70700411,0.079677419,8.358280893,27834000,0.51321,0.17559228,0.071445957,-0.010322581,15.91849214
4,AMNB,2003,147688667,-0.01735,0.946,5.84,0.134,0.015,0.02,13.54082315,6.57394717,0.984193548,-3.020719642,9513000,0.0055,0.04579269,0.057056113,-0.254193549,1.032640453
4,AMNB,2004,133573809,-0.09557,0.849,5.089,0.112,0.013,0.016,13.60352033,6.62459019,2.156129032,-1.955696159,8013000,-0.15768,0.06269718,0.05064302,1.171935484,1.065023483
4,AMNB,2005,126428594,-0.05349,0.742,4.498,0.139,0.016,0.021,13.64122175,6.663562361,4.157096774,-0.731401558,9994000,0.24722,0.03770142,0.038972171,2.000967742,1.224294601
4,AMNB,2006,143715680,0.13673,0.727,6.807,0.128,0.015,0.021,13.66788806,6.696201494,5.238064516,-0.060309762,11426000,0.14329,0.02666631,0.032639133,1.080967742,0.671091796
4,AMNB,2007,122119046,-0.15027,0.834,6.842,0.116,0.015,0.02,13.6942349,6.709662508,4.244516129,-0.836372357,11444000,0.00158,0.02634684,0.013461014,-0.993548387,-0.776062595
4,AMNB,2008,103467168,-0.15274,0.919,49.839,0.078,0.01,0.013,14.61425006,6.777513783,0.15516129,-11.63450485,8021000,-0.29911,0.92001516,0.067851275,-4.089354839,-10.79813249
4,AMNB,2009,133750461,0.29269,0.895,18.33,0.066,0.008,0.011,14.61266544,6.829052706,0.118064516,-35.05002555,6810000,-0.15098,-0.00158462,0.051538923,-0.037096774,-23.4155207
4,AMNB,2010,144276108,0.0787,0.761,7.686,0.076,0.01,0.013,14.68792957,6.886930133,0.183225806,-28.98190976,8278000,0.21557,0.07526413,0.057877427,0.06516129,6.06811579
4,AMNB,2011,152080002,0.05409,0.563,7.595,0.087,0.011,0.015,14.87723053,6.972049161,0.071612903,-20.25058505,11571000,0.38536,0.18930096,0.085119028,-0.111612903,8.73132471
4,AMNB,2012,158354632,0.04126,0.535,6.032,0.1,0.012,0.017,14.8806176,7.053322296,0.164516129,-15.30670522,16006000,0.39571,0.00338707,0.081273135,0.092903226,4.94387983
4,AMNB,2013,207019995,0.30732,0.459,2.817,0.095,0.012,0.017,15.19975394,7.115001942,0.08516129,-7.406970197,15747000,-0.01618,0.31913634,0.061679646,-0.079354839,7.899735023
4,AMNB,2014,194670524,-0.05965,0.523,5.848,0.074,0.01,0.014,15.31889545,7.190448578,0.122580645,-2.841205758,12741000,-0.19089,0.11914151,0.075446636,0.037419355,4.565764439
4,AMNB,2015,221189524,0.13623,0.395,4.385,0.077,0.01,0.014,15.31652585,7.254915764,0.240645161,-1.759177483,15039000,0.18036,-0.0023696,0.064467186,0.118064516,1.082028275
4,AMNB,2016,299818460,0.35548,0.481,7.747,0.081,0.01,0.015,15.31066667,7.312790128,0.54,-0.519441513,16301000,0.08392,-0.00585918,0.057874364,0.299354839,1.23973597
4,AMNB,2017,331193314,0.10465,0.3,2.633,0.073,0.009,0.015,15.30762918,7.380595195,1.301612903,-0.087970518,15249000,-0.06454,-0.00303749,0.067805067,0.761612903,0.431470995
4,AMNB,2018,255419973,-0.22879,0.284,2.525,0.105,0.012,0.016,15.22248143,7.442429598,2.274193548,0.013209468,22579000,0.48069,-0.08514775,0.061834403,0.972580645,0.101179986
4,AMNB,2019,439754706,0.72169,0.237,2.61,0.071,0.009,0.012,15.23038205,7.49234782,1.550967742,0.028774438,20906000,-0.0741,0.00790062,0.049918222,-0.723225806,0.01556497
4,AMNB,2020,287554969,-0.3461,0.231,3.726,0.091,0.011,0.015,15.80598574,7.635558153,0.09,-7.56021125,30045000,0.43715,0.57560369,0.143210333,-1.460967742,-7.588985688
4,AMNB,2021,406142471,0.4124,0.195,1.331,0.125,0.013,0.02,15.98157802,7.70700411,0.079677419,8.358280893,43526000,0.44869,0.17559228,0.071445957,-0.010322581,15.91849214
5,AROW,2003,272072179,0.17066,1.945,8.113,0.181,0.014,0.018,13.54082315,6.57394717,0.984193548,-3.020719642,18917000,0.00122,0.04579269,0.057056113,-0.254193549,1.032640453
5,AROW,2004,313442333,0.15206,1.813,10.358,0.173,0.014,0.019,13.60352033,6.62459019,2.156129032,-1.955696159,19478000,0.02966,0.06269718,0.05064302,1.171935484,1.065023483
5,AROW,2005,270788323,-0.13608,1.874,9.516,0.16,0.013,0.016,13.64122175,6.663562361,4.157096774,-0.731401558,18639000,-0.04307,0.03770142,0.038972171,2.000967742,1.224294601
5,AROW,2006,262132513,-0.03197,1.637,8.347,0.144,0.011,0.014,13.66788806,6.696201494,5.238064516,-0.060309762,16892000,-0.09373,0.02666631,0.032639133,1.080967742,0.671091796
5,AROW,2007,228018313,-0.13014,1.912,11.828,0.146,0.011,0.014,13.6942349,6.709662508,4.244516129,-0.836372357,17332000,0.02605,0.02634684,0.013461014,-0.993548387,-0.776062595
5,AROW,2008,264367866,0.15942,1.907,9.879,0.163,0.012,0.016,14.61425006,6.777513783,0.15516129,-11.63450485,20437000,0.17915,0.92001516,0.067851275,-4.089354839,-10.79813249
5,AROW,2009,275609200,0.04252,1.661,12.902,0.159,0.012,0.016,14.61266544,6.829052706,0.118064516,-35.05002555,21792000,0.0663,-0.00158462,0.051538923,-0.037096774,-23.4155207
5,AROW,2010,309152291,0.12171,1.335,20.842,0.145,0.012,0.015,14.68792957,6.886930133,0.183225806,-28.98190976,21892000,0.00459,0.07526413,0.057877427,0.06516129,6.06811579
5,AROW,2011,276588976,-0.10533,0.771,4.075,0.133,0.011,0.016,14.87723053,6.972049161,0.071612903,-20.25058505,21933000,0.00187,0.18930096,0.085119028,-0.111612903,8.73132471
5,AROW,2012,299571681,0.08309,0.521,3.574,0.128,0.011,0.016,14.8806176,7.053322296,0.164516129,-15.30670522,22179000,0.01122,0.00338707,0.081273135,0.092903226,4.94387983
5,AROW,2013,327497177,0.09322,0.545,2.892,0.119,0.01,0.015,15.19975394,7.115001942,0.08516129,-7.406970197,21795000,-0.01731,0.31913634,0.061679646,-0.079354839,7.899735023
5,AROW,2014,346569234,0.05824,0.45,2.973,0.118,0.011,0.015,15.31889545,7.190448578,0.122580645,-2.841205758,23360000,0.07181,0.11914151,0.075446636,0.037419355,4.565764439
5,AROW,2015,350700959,0.01192,0.842,6.169,0.118,0.01,0.015,15.31652585,7.254915764,0.240645161,-1.759177483,24662000,0.05574,-0.0023696,0.064467186,0.118064516,1.082028275
5,AROW,2016,545426055,0.55525,1.004,6.635,0.117,0.01,0.014,15.31066667,7.312790128,0.54,-0.519441513,26534000,0.07591,-0.00585918,0.057874364,0.299354839,1.23973597
5,AROW,2017,472594932,-0.13353,0.981,6.687,0.121,0.011,0.014,15.30762918,7.380595195,1.301612903,-0.087970518,29326000,0.10522,-0.00303749,0.067805067,0.761612903,0.431470995
5,AROW,2018,462769722,-0.02079,1.312,9.138,0.139,0.012,0.015,15.22248143,7.442429598,2.274193548,0.013209468,36279000,0.23709,-0.08514775,0.061834403,0.972580645,0.101179986
5,AROW,2019,566111435,0.22331,0.783,6.274,0.13,0.012,0.015,15.23038205,7.49234782,1.550967742,0.028774438,37475000,0.03297,0.00790062,0.049918222,-0.723225806,0.01556497
5,AROW,2020,463348731,-0.18152,0.262,2.211,0.127,0.011,0.015,15.80598574,7.635558153,0.09,-7.56021125,40827000,0.08945,0.57560369,0.143210333,-1.460967742,-7.588985688
5,AROW,2021,564504770,0.21832,0.189,1.121,0.14,0.013,0.018,15.98157802,7.70700411,0.079677419,8.358280893,49857000,0.22118,0.17559228,0.071445957,-0.010322581,15.91849214
6,ASB,2003,3136990048,0.23949,2.939,8.299,0.174,0.015,0.017,13.54082315,6.57394717,0.984193548,-3.020719642,228657000,0.085127587,0.04579269,0.057056113,-0.254193549,1.032640453
6,ASB,2004,3669222240,0.16966,2.742,16.109,0.165,0.015,0.018,13.60352033,6.62459019,2.156129032,-1.955696159,258286000,0.129578364,0.06269718,0.05064302,1.171935484,1.065023483
6,ASB,2005,4442056771,0.21063,2.587,19.249,0.152,0.015,0.018,13.64122175,6.663562361,4.157096774,-0.731401558,320161000,0.239560023,0.03770142,0.038972171,2.000967742,1.224294601
6,ASB,2006,4545177153,0.02321,1.832,13.185,0.14,0.015,0.018,13.66788806,6.696201494,5.238064516,-0.060309762,316645000,-0.010981975,0.02666631,0.032639133,1.080967742,0.671091796
6,ASB,2007,3442338301,-0.24264,2.185,19.845,0.126,0.014,0.017,13.6942349,6.709662508,4.244516129,-0.836372357,285752000,-0.097563518,0.02634684,0.013461014,-0.993548387,-0.776062595
6,ASB,2008,2673019213,-0.22349,1.935,13.695,0.066,0.007,0.008,14.61425006,6.777513783,0.15516129,-11.63450485,168452000,-0.410495815,0.92001516,0.067851275,-4.089354839,-10.79813249
6,ASB,2009,1407824203,-0.47332,1.161,32.114,-0.056,-0.007,-0.011,14.61266544,6.829052706,0.118064516,-35.05002555,-131859000,-1.782768979,-0.00158462,0.051538923,-0.037096774,-23.4155207
6,ASB,2010,2621835427,0.86233,1.001,6.657,-0.01,-0.001,-0.002,14.68792957,6.886930133,0.183225806,-28.98190976,-856000,-0.993508217,0.07526413,0.057877427,0.06516129,6.06811579
6,ASB,2011,1938111257,-0.26078,1.288,15.834,0.039,0.005,0.008,14.87723053,6.972049161,0.071612903,-20.25058505,139699000,-164.1997664,0.18930096,0.085119028,-0.111612903,8.73132471
6,ASB,2012,2252209691,0.16206,1.138,12.541,0.059,0.008,0.011,14.8806176,7.053322296,0.164516129,-15.30670522,178973000,0.281133007,0.00338707,0.081273135,0.092903226,4.94387983
6,ASB,2013,2828005714,0.25566,1.324,9.332,0.063,0.008,0.011,15.19975394,7.115001942,0.08516129,-7.406970197,188692000,0.054304281,0.31913634,0.061679646,-0.079354839,7.899735023
6,ASB,2014,2831485133,0.00123,1.785,33.521,0.065,0.007,0.01,15.31889545,7.190448578,0.122580645,-2.841205758,190509000,0.009629449,0.11914151,0.075446636,0.037419355,4.565764439
6,ASB,2015,2818647956,-0.00453,1.247,14.238,0.063,0.007,0.009,15.31652585,7.254915764,0.240645161,-1.759177483,188301000,-0.011590004,-0.0023696,0.064467186,0.118064516,1.082028275
6,ASB,2016,3716593834,0.31857,1.315,7.17,0.066,0.007,0.009,15.31066667,7.312790128,0.54,-0.519441513,200274000,0.063584368,-0.00585918,0.057874364,0.299354839,1.23973597
6,ASB,2017,3839585996,0.03309,1.324,9.912,0.072,0.007,0.01,15.30762918,7.380595195,1.301612903,-0.087970518,229264000,0.14475169,-0.00303749,0.067805067,0.761612903,0.431470995
6,ASB,2018,3280832984,-0.14552,1.285,10.511,0.091,0.01,0.011,15.22248143,7.442429598,2.274193548,0.013209468,333563000,0.454929688,-0.08514775,0.061834403,0.972580645,0.101179986
6,ASB,2019,3511895740,0.07043,1.145,8.278,0.086,0.009,0.012,15.23038205,7.49234782,1.550967742,0.028774438,326789000,-0.020308008,0.00790062,0.049918222,-0.723225806,0.01556497
6,ASB,2020,2618708034,-0.25433,0.651,4.915,0.079,0.008,0.009,15.80598574,7.635558153,0.09,-7.56021125,306771000,-0.061256652,0.57560369,0.143210333,-1.460967742,-7.588985688
6,ASB,2021,3390178979,0.2946,0.581,4.661,0.088,0.01,0.013,15.98157802,7.70700411,0.079677419,8.358280893,350994000,0.14415639,0.17559228,0.071445957,-0.010322581,15.91849214
7,ASRV,2003,69764535,0.76331,5.508,261.383,0.007,0,0.001,13.54082315,6.57394717,0.984193548,-3.020719642,549000,-1.106560559,0.04579269,0.057056113,-0.254193549,1.032640453
7,ASRV,2004,86735446,0.24326,3.159,-105.35,-0.128,-0.009,-0.011,13.60352033,6.62459019,2.156129032,-1.955696159,-9719000,-18.70309654,0.06269718,0.05064302,1.171935484,1.065023483
7,ASRV,2005,96833793,0.11643,0.915,-9.381,-0.108,-0.01,-0.014,13.64122175,6.663562361,4.157096774,-0.731401558,-9141000,-0.059471139,0.03770142,0.038972171,2.000967742,1.224294601
7,ASRV,2006,109214492,0.12786,0.745,17.871,0.027,0.003,0.003,13.66788806,6.696201494,5.238064516,-0.060309762,2332000,-1.25511432,0.02666631,0.032639133,1.080967742,0.671091796
7,ASRV,2007,61446137,-0.43738,1.054,11.65,0.035,0.003,0.004,13.6942349,6.709662508,4.244516129,-0.836372357,3034000,0.30102916,0.02634684,0.013461014,-0.993548387,-0.776062595
7,ASRV,2008,43343070,-0.29462,1.297,28.006,0.056,0.006,0.007,14.61425006,6.777513783,0.15516129,-11.63450485,5509000,0.815754779,0.92001516,0.067851275,-4.089354839,-10.79813249
7,ASRV,2009,35433835,-0.18248,0.603,-22.29,-0.054,-0.006,-0.008,14.61266544,6.829052706,0.118064516,-35.05002555,-4895000,-1.888546016,-0.00158462,0.051538923,-0.037096774,-23.4155207
7,ASRV,2010,33533828,-0.05362,0.256,-855.781,0.001,0,0.001,14.68792957,6.886930133,0.183225806,-28.98190976,1282000,-1.261899898,0.07526413,0.057877427,0.06516129,6.06811579
7,ASRV,2011,41356421,0.23327,0.31,3.818,0.046,0.005,0.01,14.87723053,6.972049161,0.071612903,-20.25058505,6537000,4.099063963,0.18930096,0.085119028,-0.111612903,8.73132471
7,ASRV,2012,57958215,0.40143,0.378,73.885,0.038,0.004,0.007,14.8806176,7.053322296,0.164516129,-15.30670522,5039000,-0.229157106,0.00338707,0.081273135,0.092903226,4.94387983
7,ASRV,2013,56916090,-0.01798,0.703,6.721,0.045,0.005,0.007,15.19975394,7.115001942,0.08516129,-7.406970197,5193000,0.030561619,0.31913634,0.061679646,-0.079354839,7.899735023
7,ASRV,2014,58826120,0.03356,0.821,28.984,0.024,0.003,0.004,15.31889545,7.190448578,0.122580645,-2.841205758,3023000,-0.41787021,0.11914151,0.075446636,0.037419355,4.565764439
7,ASRV,2015,60386595,0.02653,0.984,13.078,0.049,0.005,0.007,15.31652585,7.254915764,0.240645161,-1.759177483,5997000,0.983790936,-0.0023696,0.064467186,0.118064516,1.082028275
7,ASRV,2016,69942846,0.15825,0.824,15.083,0.023,0.002,0.003,15.31066667,7.312790128,0.54,-0.519441513,2310000,-0.614807404,-0.00585918,0.057874364,0.299354839,1.23973597
7,ASRV,2017,75836370,0.08426,1.217,24.024,0.034,0.003,0.007,15.30762918,7.380595195,1.301612903,-0.087970518,3293000,0.425541126,-0.00303749,0.067805067,0.761612903,0.431470995
7,ASRV,2018,71519165,-0.05693,1.104,18.523,0.08,0.007,0.008,15.22248143,7.442429598,2.274193548,0.013209468,7768000,1.358943213,-0.08514775,0.061834403,0.972580645,0.101179986
7,ASRV,2019,71982254,0.00648,1.02,48.61,0.06,0.005,0.006,15.23038205,7.49234782,1.550967742,0.028774438,6028000,-0.223995881,0.00790062,0.049918222,-0.723225806,0.01556497
7,ASRV,2020,53393556,-0.25824,1.093,-42.283,0.045,0.004,0.004,15.80598574,7.635558153,0.09,-7.56021125,4598000,-0.237226277,0.57560369,0.143210333,-1.460967742,-7.588985688
7,ASRV,2021,65934590,0.23488,0.625,8.374,0.063,0.005,0.006,15.98157802,7.70700411,0.079677419,8.358280893,7072000,0.538060026,0.17559228,0.071445957,-0.010322581,15.91849214
8,ATLO,2003,182500337,0.24761,0.17,1.286,0.11,0.016,0.024,13.54082315,6.57394717,0.984193548,-3.020719642,11624685,0.02509,0.04579269,0.057056113,-0.254193549,1.032640453
8,ATLO,2004,252533813,0.38374,0.578,5.428,0.114,0.015,0.021,13.60352033,6.62459019,2.156129032,-1.955696159,12389546,0.0658,0.06269718,0.05064302,1.171935484,1.065023483
8,ATLO,2005,242169457,-0.04104,0.344,5.941,0.106,0.014,0.018,13.64122175,6.663562361,4.157096774,-0.731401558,11608535,-0.06304,0.03770142,0.038972171,2.000967742,1.224294601
8,ATLO,2006,197925273,-0.1827,0.338,4.496,0.099,0.013,0.017,13.66788806,6.696201494,5.238064516,-0.060309762,10943617,-0.05728,0.02666631,0.032639133,1.080967742,0.671091796
8,ATLO,2007,183876810,-0.07098,0.498,6.22,0.099,0.013,0.016,13.6942349,6.709662508,4.244516129,-0.836372357,11009102,0.00598,0.02634684,0.013461014,-0.993548387,-0.776062595
8,ATLO,2008,250349564,0.36151,0.8,6.645,0.06,0.007,0.008,14.61425006,6.777513783,0.15516129,-11.63450485,6351996,-0.42302,0.92001516,0.067851275,-4.089354839,-10.79813249
8,ATLO,2009,199128836,-0.2046,0.687,6.888,0.083,0.01,0.012,14.61266544,6.829052706,0.118064516,-35.05002555,9005786,0.41779,-0.00158462,0.051538923,-0.037096774,-23.4155207
8,ATLO,2010,204411268,0.02653,0.772,5.69,0.108,0.014,0.018,14.68792957,6.886930133,0.183225806,-28.98190976,12966274,0.43977,0.07526413,0.057877427,0.06516129,6.06811579
8,ATLO,2011,182416514,-0.1076,0.571,3.711,0.106,0.014,0.018,14.87723053,6.972049161,0.071612903,-20.25058505,13920807,0.07362,0.18930096,0.085119028,-0.111612903,8.73132471
8,ATLO,2012,203908995,0.11782,0.426,2.917,0.1,0.012,0.017,14.8806176,7.053322296,0.164516129,-15.30670522,14182308,0.01878,0.00338707,0.081273135,0.092903226,4.94387983
8,ATLO,2013,208471342,0.02237,0.522,3.213,0.099,0.011,0.015,15.19975394,7.115001942,0.08516129,-7.406970197,13953644,-0.01612,0.31913634,0.061679646,-0.079354839,7.899735023
8,ATLO,2014,241525083,0.15855,0.574,4.512,0.1,0.012,0.016,15.31889545,7.190448578,0.122580645,-2.841205758,15251207,0.09299,0.11914151,0.075446636,0.037419355,4.565764439
8,ATLO,2015,226162077,-0.06361,0.532,4.202,0.094,0.011,0.015,15.31652585,7.254915764,0.240645161,-1.759177483,15014651,-0.01551,-0.0023696,0.064467186,0.118064516,1.082028275
8,ATLO,2016,307260129,0.35858,0.52,4.139,0.094,0.012,0.017,15.31066667,7.312790128,0.54,-0.519441513,15734776,0.04796,-0.00585918,0.057874364,0.299354839,1.23973597
8,ATLO,2017,259308927,-0.15606,0.374,3.498,0.08,0.01,0.015,15.30762918,7.380595195,1.301612903,-0.087970518,13697189,-0.1295,-0.00303749,0.067805067,0.761612903,0.431470995
8,ATLO,2018,236683408,-0.08725,0.32,2.753,0.101,0.012,0.015,15.22248143,7.442429598,2.274193548,0.013209468,17013878,0.24214,-0.08514775,0.061834403,0.972580645,0.101179986
8,ATLO,2019,258790281,0.0934,0.251,2.424,0.094,0.011,0.014,15.23038205,7.49234782,1.550967742,0.028774438,17194169,0.0106,0.00790062,0.049918222,-0.723225806,0.01556497
8,ATLO,2020,219128383,-0.15326,0.192,1.416,0.094,0.01,0.013,15.80598574,7.635558153,0.09,-7.56021125,18850000,0.0963,0.57560369,0.143210333,-1.460967742,-7.588985688
8,ATLO,2021,222667170,0.01615,0.206,1.495,0.115,0.011,0.016,15.98157802,7.70700411,0.079677419,8.358280893,23913000,0.26859,0.17559228,0.071445957,-0.010322581,15.91849214
9,AUB,2003,232035978,0.12029,0.91822,4.26555,0.146,0.014,0.018,13.54082315,6.57394717,0.984193548,-3.020719642,16664000,0.14885,0.04579269,0.057056113,-0.254193549,1.032640453
9,AUB,2004,334669500,0.44232,1.1244,660.66787,0.12,0.012,0.015,13.60352033,6.62459019,2.156129032,-1.955696159,17925000,0.07567,0.06269718,0.05064302,1.171935484,1.065023483
9,AUB,2005,378332188,0.13047,0.96803,7.04872,0.143,0.014,0.019,13.64122175,6.663562361,4.157096774,-0.731401558,24822000,0.38477,0.03770142,0.038972171,2.000967742,1.224294601
9,AUB,2006,406049519,0.07326,1.06238,16.01572,0.136,0.013,0.017,13.66788806,6.696201494,5.238064516,-0.060309762,25992000,0.04714,0.02666631,0.032639133,1.080967742,0.671091796
9,AUB,2007,283047455,-0.30292,1.94593,166.88071,0.096,0.009,0.011,13.6942349,6.709662508,4.244516129,-0.836372357,19756000,-0.23992,0.02634684,0.013461014,-0.993548387,-0.776062595
9,AUB,2008,335373748,0.18487,1.21839,25.65303,0.063,0.006,0.007,14.61425006,6.777513783,0.15516129,-11.63450485,14514000,-0.26625,0.92001516,0.067851275,-4.089354839,-10.79813249
9,AUB,2009,227173946,-0.32262,1.29768,-70.61362,0.01,0.001,0.003,14.61266544,6.829052706,0.118064516,-35.05002555,8360000,-0.80174,-0.00158462,0.051538923,-0.037096774,-23.4155207
9,AUB,2010,383618048,0.68865,0.71988,7.09184,0.05,0.005,0.008,14.68792957,6.886930133,0.183225806,-28.98190976,22922000,6.30967,0.07526413,0.057877427,0.06516129,6.06811579
9,AUB,2011,346304188,-0.09727,0.66096,4.28392,0.063,0.007,0.01,14.87723053,6.972049161,0.071612903,-20.25058505,30445000,0.32183,0.18930096,0.085119028,-0.111612903,8.73132471
9,AUB,2012,409474736,0.18241,0.75573,-13.45898,0.081,0.009,0.012,14.8806176,7.053322296,0.164516129,-15.30670522,35411000,0.2752,0.00338707,0.081273135,0.092903226,4.94387983
9,AUB,2013,618362157,0.51014,1.05722,3.05397,0.079,0.008,0.011,15.19975394,7.115001942,0.08516129,-7.406970197,34366000,-0.02951,0.31913634,0.061679646,-0.079354839,7.899735023
9,AUB,2014,1094529840,0.77005,0.70298,5.75274,0.053,0.007,0.01,15.31889545,7.190448578,0.122580645,-2.841205758,52164000,0.5179,0.11914151,0.075446636,0.037419355,4.565764439
9,AUB,2015,1133871714,0.03594,0.68334,6.35363,0.068,0.009,0.012,15.31652585,7.254915764,0.240645161,-1.759177483,67079000,0.28593,-0.0023696,0.064467186,0.118064516,1.082028275
9,AUB,2016,1556770676,0.37297,0.98907,11.31479,0.078,0.01,0.012,15.31066667,7.312790128,0.54,-0.519441513,77476000,0.155,-0.00585918,0.057874364,0.299354839,1.23973597
9,AUB,2017,1581789406,0.01607,1.16542,12.06481,0.071,0.008,0.011,15.30762918,7.380595195,1.301612903,-0.087970518,72923000,-0.05877,-0.00303749,0.067805067,0.761612903,0.431470995
9,AUB,2018,1862724763,0.17761,0.91255,8.03925,0.078,0.011,0.013,15.22248143,7.442429598,2.274193548,0.013209468,146248000,1.00551,-0.08514775,0.061834403,0.972580645,0.101179986
9,AUB,2019,3028373254,0.62578,0.60234,8.46109,0.077,0.011,0.013,15.23038205,7.49234782,1.550967742,0.028774438,193528000,0.32329,0.00790062,0.049918222,-0.723225806,0.01556497
9,AUB,2020,2592993813,-0.14377,0.3104,4.15479,0.059,0.008,0.01,15.80598574,7.635558153,0.09,-7.56021125,158228000,-0.21164,0.57560369,0.143210333,-1.460967742,-7.588985688
9,AUB,2021,2821104584,0.08797,0.18693,1.54265,0.093,0.013,0.017,15.98157802,7.70700411,0.079677419,8.358280893,263917000,0.65202,0.17559228,0.071445957,-0.010322581,15.91849214
10,BAC,2003,1.19503E+11,0.14769,3.926,8.27,0.216,0.015,0.02,13.54082315,6.57394717,0.984193548,-3.020719642,10758000000,0.163781913,0.04579269,0.057056113,-0.254193549,1.032640453
10,BAC,2004,1.89801E+11,0.58825,2.948,-67.379,0.163,0.014,0.018,13.60352033,6.62459019,2.156129032,-1.955696159,13931000000,0.294943298,0.06269718,0.05064302,1.171935484,1.065023483
10,BAC,2005,1.85342E+11,-0.02349,4.509,-34.033,0.164,0.013,0.017,13.64122175,6.663562361,4.157096774,-0.731401558,16465000000,0.18189649,0.03770142,0.038972171,2.000967742,1.224294601
10,BAC,2006,2.39758E+11,0.2936,3.732,36.685,0.16,0.015,0.019,13.66788806,6.696201494,5.238064516,-0.060309762,21133000000,0.283510477,0.02666631,0.032639133,1.080967742,0.671091796
10,BAC,2007,1.83125E+11,-0.23621,4.155,68.597,0.106,0.009,0.011,13.6942349,6.709662508,4.244516129,-0.836372357,14982000000,-0.291061373,0.02634684,0.013461014,-0.993548387,-0.776062595
10,BAC,2008,70647516840,-0.61421,3.575,326.935,0.016,0.001,0.002,14.61425006,6.777513783,0.15516129,-11.63450485,4008000000,-0.732478975,0.92001516,0.067851275,-4.089354839,-10.79813249
10,BAC,2009,1.3028E+11,0.84409,3.298,5.987,-0.009,-0.001,0.002,14.61266544,6.829052706,0.118064516,-35.05002555,6276000000,0.565868263,-0.00158462,0.051538923,-0.037096774,-23.4155207
10,BAC,2010,1.34536E+11,0.03266,3.302,9.242,-0.016,-0.002,0,14.68792957,6.886930133,0.183225806,-28.98190976,-2238000000,-1.356596558,0.07526413,0.057877427,0.06516129,6.06811579
10,BAC,2011,56355447286,-0.58111,2.707,9.864,0,0,0,14.87723053,6.972049161,0.071612903,-20.25058505,1446000000,-1.646112601,0.18930096,0.085119028,-0.111612903,8.73132471
10,BAC,2012,1.25133E+11,1.22043,2.53,-37.354,0.012,0.001,0.001,14.8806176,7.053322296,0.164516129,-15.30670522,4188000000,1.89626556,0.00338707,0.081273135,0.092903226,4.94387983
10,BAC,2013,1.66072E+11,0.32716,2.122,5.32,0.043,0.005,0.007,15.19975394,7.115001942,0.08516129,-7.406970197,11431000000,1.729465138,0.31913634,0.061679646,-0.079354839,7.899735023
10,BAC,2014,1.88139E+11,0.13288,1.953,15.444,0.019,0.002,0.004,15.31889545,7.190448578,0.122580645,-2.841205758,5520000000,-0.517102616,0.11914151,0.075446636,0.037419355,4.565764439
10,BAC,2015,1.75242E+11,-0.06855,1.714,15.465,0.057,0.007,0.01,15.31652585,7.254915764,0.240645161,-1.759177483,15910000000,1.882246377,-0.0023696,0.064467186,0.118064516,1.082028275
10,BAC,2016,2.23322E+11,0.27436,1.544,23.792,0.061,0.007,0.012,15.31066667,7.312790128,0.54,-0.519441513,17822000000,0.12017599,-0.00585918,0.057874364,0.299354839,1.23973597
10,BAC,2017,3.07912E+11,0.37878,1.636,44.296,0.062,0.007,0.013,15.30762918,7.380595195,1.301612903,-0.087970518,18232000000,0.023005274,-0.00303749,0.067805067,0.761612903,0.431470995
10,BAC,2018,2.41822E+11,-0.21464,1.645,11.047,0.101,0.011,0.015,15.22248143,7.442429598,2.274193548,0.013209468,28147000000,0.543824046,-0.08514775,0.061834403,0.972580645,0.101179986
10,BAC,2019,3.16808E+11,0.31009,1.624,6.963,0.097,0.011,0.014,15.23038205,7.49234782,1.550967742,0.028774438,27430000000,-0.025473407,0.00790062,0.049918222,-0.723225806,0.01556497
10,BAC,2020,2.62205E+11,-0.17235,1.658,11.912,0.061,0.006,0.008,15.80598574,7.635558153,0.09,-7.56021125,17894000000,-0.34764856,0.57560369,0.143210333,-1.460967742,-7.588985688
10,BAC,2021,3.6411E+11,0.38864,1.837,-68.984,0.112,0.01,0.012,15.98157802,7.70700411,0.079677419,8.358280893,31978000000,0.787079468,0.17559228,0.071445957,-0.010322581,15.91849214
11,JPM,2003,74939150892,0.56396,4.14822,13.41205,0.149,0.009,0.01,13.54082315,6.57394717,0.984193548,-3.020719642,6668000000,3.13648,0.04579269,0.057056113,-0.254193549,1.032640453
11,JPM,2004,1.39E+11,0.85446,2.41497,-16.84485,0.058,0.005,0.005,13.60352033,6.62459019,2.156129032,-1.955696159,4414000000,-0.33803,0.06269718,0.05064302,1.171935484,1.065023483
11,JPM,2005,1.39E+11,-0.00068,2.51983,-8.93481,0.08,0.007,0.009,13.64122175,6.663562361,4.157096774,-0.731401558,8470000000,0.91889,0.03770142,0.038972171,2.000967742,1.224294601
11,JPM,2006,1.68E+11,0.20646,2.97698,-6.95264,0.129,0.011,0.013,13.66788806,6.696201494,5.238064516,-0.060309762,14440000000,0.70484,0.02666631,0.032639133,1.080967742,0.671091796
11,JPM,2007,1.47E+11,-0.12491,3.50459,-3.90592,0.124,0.01,0.012,13.6942349,6.709662508,4.244516129,-0.836372357,14927000000,0.03373,0.02634684,0.013461014,-0.993548387,-0.776062595
11,JPM,2008,1.18E+11,-0.19738,3.79589,26.47196,0.033,0.002,0.002,14.61425006,6.777513783,0.15516129,-11.63450485,4742000000,-0.68232,0.92001516,0.067851275,-4.089354839,-10.79813249
11,JPM,2009,1.64E+11,0.39368,3.78112,5.09186,0.054,0.004,0.005,14.61266544,6.829052706,0.118064516,-35.05002555,8774000000,0.85027,-0.00158462,0.051538923,-0.037096774,-23.4155207
11,JPM,2010,1.66E+11,0.01108,3.50349,-164.44163,0.092,0.007,0.009,14.68792957,6.886930133,0.183225806,-28.98190976,15764000000,0.79667,0.07526413,0.057877427,0.06516129,6.06811579
11,JPM,2011,1.26E+11,-0.23811,2.96256,5.66908,0.096,0.008,0.01,14.87723053,6.972049161,0.071612903,-20.25058505,17568000000,0.11444,0.18930096,0.085119028,-0.111612903,8.73132471
11,JPM,2012,1.67E+11,0.32295,2.79871,22.77324,0.101,0.009,0.01,14.8806176,7.053322296,0.164516129,-15.30670522,19877000000,0.13143,0.00338707,0.081273135,0.092903226,4.94387983
11,JPM,2013,2.20E+11,0.31526,2.53291,4.95488,0.079,0.007,0.01,15.19975394,7.115001942,0.08516129,-7.406970197,16557000000,-0.16703,0.31913634,0.061679646,-0.079354839,7.899735023
11,JPM,2014,2.34E+11,0.06413,2.43841,15.44137,0.088,0.008,0.011,15.31889545,7.190448578,0.122580645,-2.841205758,20077000000,0.2126,0.11914151,0.075446636,0.037419355,4.565764439
11,JPM,2015,2.43E+11,0.03902,1.93073,6.50636,0.093,0.009,0.012,15.31652585,7.254915764,0.240645161,-1.759177483,22651000000,0.12821,-0.0023696,0.064467186,0.118064516,1.082028275
11,JPM,2016,3.09E+11,0.27031,1.94875,22.63544,0.09,0.009,0.013,15.31066667,7.312790128,0.54,-0.519441513,22834000000,0.00808,-0.00585918,0.057874364,0.299354839,1.23973597
11,JPM,2017,3.71E+11,0.20172,1.93513,-45.70038,0.088,0.009,0.013,15.30762918,7.380595195,1.301612903,-0.087970518,22567000000,-0.01169,-0.00303749,0.067805067,0.761612903,0.431470995
11,JPM,2018,3.25E+11,-0.12512,2.0803,34.17619,0.119,0.012,0.014,15.22248143,7.442429598,2.274193548,0.013209468,30709000000,0.36079,-0.08514775,0.061834403,0.972580645,0.101179986
11,JPM,2019,4.37E+11,0.34686,1.97487,126.12243,0.132,0.013,0.015,15.23038205,7.49234782,1.550967742,0.028774438,34642000000,0.12807,0.00790062,0.049918222,-0.723225806,0.01556497
11,JPM,2020,3.87E+11,-0.11411,1.94056,-6.78391,0.102,0.008,0.01,15.80598574,7.635558153,0.09,-7.56021125,27410000000,-0.20876,0.57560369,0.143210333,-1.460967742,-7.588985688
11,JPM,2021,4.68E+11,0.20817,1.86633,7.03011,0.162,0.013,0.016,15.98157802,7.70700411,0.079677419,8.358280893,46503000000,0.69657,0.17559228,0.071445957,-0.010322581,15.91849214
12,BANC,2003,117032688,0.31608,1.739,25.858,0.047,0.007,0.01,13.54082315,6.57394717,0.984193548,-3.020719642,4101000,0.56,0.04579269,0.057056113,-0.254193549,1.032640453
12,BANC,2004,127038015,0.08549,1.707,15.562,0.064,0.008,0.011,13.60352033,6.62459019,2.156129032,-1.955696159,5075000,0.24,0.06269718,0.05064302,1.171935484,1.065023483
12,BANC,2005,120254595,-0.0534,2.111,29.871,0.061,0.007,0.008,13.64122175,6.663562361,4.157096774,-0.731401558,4807000,-0.05,0.03770142,0.038972171,2.000967742,1.224294601
12,BANC,2006,122193923,0.01613,1.85,42.58,0.059,0.006,0.008,13.66788806,6.696201494,5.238064516,-0.060309762,4714000,-0.02,0.02666631,0.032639133,1.080967742,0.671091796
12,BANC,2007,80191341,-0.34374,1.329,34.475,0.035,0.004,0.004,13.6942349,6.709662508,4.244516129,-0.836372357,2961000,-0.37,0.02634684,0.013461014,-0.993548387,-0.776062595
12,BANC,2008,41536630,-0.48203,1.773,25.739,-0.007,-0.001,-0.002,14.61425006,6.777513783,0.15516129,-11.63450485,-529000,-1.18,0.92001516,0.067851275,-4.089354839,-10.79813249
12,BANC,2009,22727522,-0.45283,1.385,20.149,-0.021,-0.002,-0.003,14.61266544,6.829052706,0.118064516,-35.05002555,-999000,0.89,-0.00158462,0.051538923,-0.037096774,-23.4155207
12,BANC,2010,56316341,1.47789,0.551,3.599,0.017,0.002,0.004,14.68792957,6.886930133,0.183225806,-28.98190976,2825000,-3.83,0.07526413,0.057877427,0.06516129,6.06811579
12,BANC,2011,120167648,1.1338,0.108,2.287,-0.019,-0.004,-0.003,14.87723053,6.972049161,0.071612903,-20.25058505,-2728000,-1.97,0.18930096,0.085119028,-0.111612903,8.73132471
12,BANC,2012,144601202,0.20333,0.831,-4.153,0.025,0.003,0.004,14.8806176,7.053322296,0.164516129,-15.30670522,5996000,-3.2,0.00338707,0.081273135,0.092903226,4.94387983
12,BANC,2013,249512669,0.72552,1.023,-0.678,-0.008,-0.001,0.003,15.19975394,7.115001942,0.08516129,-7.406970197,-84000,-1.01,0.31913634,0.061679646,-0.079354839,7.899735023
12,BANC,2014,328449483,0.31636,1.444,-1.137,0.062,0.006,0.005,15.31889545,7.190448578,0.122580645,-2.841205758,30205000,-360.58,0.11914151,0.075446636,0.037419355,4.565764439
12,BANC,2015,552775065,0.68298,1.827,-15.764,0.086,0.007,0.014,15.31652585,7.254915764,0.240645161,-1.759177483,62072000,1.06,-0.0023696,0.064467186,0.118064516,1.082028275
12,BANC,2016,862729513,0.56072,0.748,-27.628,0.102,0.009,0.013,15.31066667,7.312790128,0.54,-0.519441513,115416000,0.86,-0.00585918,0.057874364,0.299354839,1.23973597
12,BANC,2017,1043583929,0.20963,1.845,3.394,0.036,0.003,0.003,15.30762918,7.380595195,1.301612903,-0.087970518,57709000,-0.5,-0.00303749,0.067805067,0.761612903,0.431470995
12,BANC,2018,674186918,-0.35397,1.791,14.325,0.024,0.002,0.004,15.22248143,7.442429598,2.274193548,0.013209468,45472000,-0.21,-0.08514775,0.061834403,0.972580645,0.101179986
12,BANC,2019,874187189,0.29665,1.534,19.951,0.003,0,0.003,15.23038205,7.49234782,1.550967742,0.028774438,23759000,-0.48,0.00790062,0.049918222,-0.723225806,0.01556497
12,BANC,2020,739034695,-0.1546,0.91,11.706,-0.001,0,0.002,15.80598574,7.635558153,0.09,-7.56021125,12574000,-0.47,0.57560369,0.143210333,-1.460967742,-7.588985688
12,BANC,2021,1229337364,0.66344,0.766,7.639,0.057,0.006,0.009,15.98157802,7.70700411,0.079677419,8.358280893,62346000,3.96,0.17559228,0.071445957,-0.010322581,15.91849214
13,BANF,2003,451529983,0.18385,0.206,1.462,0.128,0.011,0.019,13.54082315,6.57394717,0.984193548,-3.020719642,31882000,-0.05006,0.04579269,0.057056113,-0.254193549,1.032640453
13,BANF,2004,618689514,0.37021,0.315,2.983,0.139,0.012,0.021,13.60352033,6.62459019,2.156129032,-1.955696159,37176000,0.16605,0.06269718,0.05064302,1.171935484,1.065023483
13,BANF,2005,617445040,-0.00201,0.308,2.315,0.147,0.014,0.022,13.64122175,6.663562361,4.157096774,-0.731401558,42835000,0.15222,0.03770142,0.038972171,2.000967742,1.224294601
13,BANF,2006,850374234,0.37725,0.219,3.528,0.15,0.015,0.025,13.66788806,6.696201494,5.238064516,-0.060309762,49352000,0.15214,0.02666631,0.032639133,1.080967742,0.671091796
13,BANF,2007,652009157,-0.23327,0.155,1.2,0.146,0.015,0.027,13.6942349,6.709662508,4.244516129,-0.836372357,53093000,0.0758,0.02634684,0.013461014,-0.993548387,-0.776062595
13,BANF,2008,807553432,0.23856,0.096,0.842,0.112,0.012,0.02,14.61425006,6.777513783,0.15516129,-11.63450485,44358000,-0.16452,0.92001516,0.067851275,-4.089354839,-10.79813249
13,BANF,2009,566819083,-0.2981,0.062,-5.07,0.077,0.008,0.014,14.61266544,6.829052706,0.118064516,-35.05002555,32609000,-0.26487,-0.00158462,0.051538923,-0.037096774,-23.4155207
13,BANF,2010,632623700,0.11609,0.153,0.57,0.094,0.009,0.018,14.68792957,6.886930133,0.183225806,-28.98190976,42309000,0.29746,0.07526413,0.057877427,0.06516129,6.06811579
13,BANF,2011,568006778,-0.10214,0.13,1.365,0.096,0.008,0.019,14.87723053,6.972049161,0.071612903,-20.25058505,45621000,0.07828,0.18930096,0.085119028,-0.111612903,8.73132471
13,BANF,2012,644922867,0.13541,0.078,0.865,0.103,0.009,0.02,14.8806176,7.053322296,0.164516129,-15.30670522,51900000,0.13763,0.00338707,0.081273135,0.092903226,4.94387983
13,BANF,2013,857907034,0.33025,0.069,0.597,0.1,0.009,0.02,15.19975394,7.115001942,0.08516129,-7.406970197,54317000,0.04657,0.31913634,0.061679646,-0.079354839,7.899735023
13,BANF,2014,981692151,0.14429,0.051,0.471,0.109,0.01,0.02,15.31889545,7.190448578,0.122580645,-2.841205758,63887000,0.17619,0.11914151,0.075446636,0.037419355,4.565764439
13,BANF,2015,914312554,-0.06864,0.05,0.485,0.103,0.01,0.021,15.31652585,7.254915764,0.240645161,-1.759177483,66170000,0.03573,-0.0023696,0.064467186,0.118064516,1.082028275
13,BANF,2016,1461665038,0.59865,0.046,0.407,0.103,0.01,0.021,15.31066667,7.312790128,0.54,-0.519441513,70674000,0.06807,-0.00585918,0.057874364,0.299354839,1.23973597
13,BANF,2017,1630153722,0.11527,0.042,0.358,0.115,0.012,0.026,15.30762918,7.380595195,1.301612903,-0.087970518,86439000,0.22307,-0.00303749,0.067805067,0.761612903,0.431470995
13,BANF,2018,1634409131,0.00261,0.032,0.323,0.144,0.017,0.027,15.22248143,7.442429598,2.274193548,0.013209468,125814000,0.45552,-0.08514775,0.061834403,0.972580645,0.101179986
13,BANF,2019,2039681774,0.24796,0.028,0.212,0.139,0.017,0.027,15.23038205,7.49234782,1.550967742,0.028774438,134879000,0.07205,0.00790062,0.049918222,-0.723225806,0.01556497
13,BANF,2020,1918449190,-0.05944,0.026,0.317,0.096,0.011,0.017,15.80598574,7.635558153,0.09,-7.56021125,99586000,-0.26166,0.57560369,0.143210333,-1.460967742,-7.588985688
13,BANF,2021,2298295632,0.198,0.073,0.529,0.148,0.016,0.029,15.98157802,7.70700411,0.079677419,8.358280893,167630000,0.68327,0.17559228,0.071445957,-0.010322581,15.91849214
14,BANR,2003,287256233,0.34939,3.643,26.106,0.082,0.006,0.008,13.54082315,6.57394717,0.984193548,-3.020719642,16107000,0.739416847,0.04579269,0.057056113,-0.254193549,1.032640453
14,BANR,2004,363497336,0.26541,3.363,48.173,0.092,0.007,0.008,13.60352033,6.62459019,2.156129032,-1.955696159,19340000,0.200720184,0.06269718,0.05064302,1.171935484,1.065023483
14,BANR,2005,374919761,0.03142,2.074,125.121,0.055,0.004,0.005,13.64122175,6.663562361,4.157096774,-0.731401558,11980000,-0.380558428,0.03770142,0.038972171,2.000967742,1.224294601
14,BANR,2006,545369319,0.45463,1.613,13.337,0.133,0.009,0.013,13.66788806,6.696201494,5.238064516,-0.060309762,31544000,1.633055092,0.02666631,0.032639133,1.080967742,0.671091796
14,BANR,2007,465600046,-0.14627,0.85,5.852,0.096,0.009,0.013,13.6942349,6.709662508,4.244516129,-0.836372357,36923000,0.170523713,0.02634684,0.013461014,-0.993548387,-0.776062595
14,BANR,2008,160124343,-0.65609,0.735,-24.333,-0.316,-0.028,-0.028,14.61425006,6.777513783,0.15516129,-11.63450485,-127993000,-4.466484305,0.92001516,0.067851275,-4.089354839,-10.79813249
14,BANR,2009,54969568,-0.65671,1.023,6.254,-0.106,-0.009,-0.013,14.61266544,6.829052706,0.118064516,-35.05002555,-35764000,-0.720578469,-0.00158462,0.051538923,-0.037096774,-23.4155207
14,BANR,2010,259979970,3.72953,0.524,2.383,-0.14,-0.015,-0.01,14.68792957,6.886930133,0.183225806,-28.98190976,-61896000,0.730678895,0.07526413,0.057877427,0.06516129,6.06811579
14,BANR,2011,295200034,0.13547,0.399,2.176,-0.005,-0.001,0.001,14.87723053,6.972049161,0.071612903,-20.25058505,5457000,-1.088164017,0.18930096,0.085119028,-0.111612903,8.73132471
14,BANR,2012,597851074,1.02524,0.316,2.111,0.107,0.014,0.01,14.8806176,7.053322296,0.164516129,-15.30670522,64882000,10.88968298,0.00338707,0.081273135,0.092903226,4.94387983
14,BANR,2013,875951727,0.46517,0.342,2.114,0.088,0.011,0.016,15.19975394,7.115001942,0.08516129,-7.406970197,46214000,-0.287722327,0.31913634,0.061679646,-0.079354839,7.899735023
14,BANR,2014,841975093,-0.03879,0.322,2.034,0.095,0.012,0.017,15.31889545,7.190448578,0.122580645,-2.841205758,54070000,0.169991777,0.11914151,0.075446636,0.037419355,4.565764439
14,BANR,2015,1505268421,0.78778,0.249,78.211,0.055,0.007,0.011,15.31652585,7.254915764,0.240645161,-1.759177483,45222000,-0.163639726,-0.0023696,0.064467186,0.118064516,1.082028275
14,BANR,2016,1870360642,0.24254,0.195,-2.771,0.064,0.009,0.013,15.31066667,7.312790128,0.54,-0.519441513,85385000,0.888129671,-0.00585918,0.057874364,0.299354839,1.23973597
14,BANR,2017,1813806390,-0.03024,0.153,0.582,0.046,0.006,0.015,15.30762918,7.380595195,1.301612903,-0.087970518,60776000,-0.288212215,-0.00303749,0.067805067,0.761612903,0.431470995
14,BANR,2018,1732737133,-0.0447,0.523,100.674,0.104,0.013,0.015,15.22248143,7.442429598,2.274193548,0.013209468,136515000,1.246199158,-0.08514775,0.061834403,0.972580645,0.101179986
14,BANR,2019,1933870103,0.11608,0.431,5.506,0.095,0.012,0.015,15.23038205,7.49234782,1.550967742,0.028774438,146278000,0.071515951,0.00790062,0.049918222,-0.723225806,0.01556497
14,BANR,2020,1637901221,-0.15304,0.366,5.412,0.071,0.008,0.01,15.80598574,7.635558153,0.09,-7.56021125,115928000,-0.207481645,0.57560369,0.143210333,-1.460967742,-7.588985688
14,BANR,2021,2078091106,0.26875,0.351,2.036,0.121,0.012,0.017,15.98157802,7.70700411,0.079677419,8.358280893,201048000,0.734248844,0.17559228,0.071445957,-0.010322581,15.91849214
15,BCS,2003,59754922852,0.47166,7.80601,-49.64583,0.173,0.006,0.008,13.54082315,6.57394717,0.984193548,-3.020719642,2744000000,0.231597846,0.04579269,0.057056113,-0.254193549,1.032640453
15,BCS,2004,74946391560,0.25423,5.80554,10.75284,0.196,0.007,0.008,13.60352033,6.62459019,2.156129032,-1.955696159,3254000000,0.185860058,0.06269718,0.05064302,1.171935484,1.065023483
15,BCS,2005,67891463614,-0.09413,16.29975,126.0535,0.167,0.005,0.005,13.64122175,6.663562361,4.157096774,-0.731401558,3447000000,0.059311616,0.03770142,0.038972171,2.000967742,1.224294601
15,BCS,2006,94325091339,0.38935,16.24673,43.71726,0.176,0.005,0.005,13.66788806,6.696201494,5.238064516,-0.060309762,4571000000,0.32608065,0.02666631,0.032639133,1.080967742,0.671091796
15,BCS,2007,65951439777,-0.30081,18.91323,-50.82549,0.148,0.004,0.004,13.6942349,6.709662508,4.244516129,-0.836372357,4417000000,-0.033690658,0.02634684,0.013461014,-0.993548387,-0.776062595
15,BCS,2008,16010010151,-0.75725,37.64408,42.61318,0.127,0.003,0.002,14.61425006,6.777513783,0.15516129,-11.63450485,4382000000,-0.00792393,0.92001516,0.067851275,-4.089354839,-10.79813249
15,BCS,2009,36836054715,1.30081,17.50208,20.33337,0.224,0.005,0.004,14.61266544,6.829052706,0.118064516,-35.05002555,9393000000,1.143541762,-0.00158462,0.051538923,-0.037096774,-23.4155207
15,BCS,2010,47129813960,0.27945,17.43527,52.40989,0.073,0.002,0.002,14.68792957,6.886930133,0.183225806,-28.98190976,3564000000,-0.620568508,0.07526413,0.057877427,0.06516129,6.06811579
15,BCS,2011,33469882543,-0.28984,17.87483,34.55714,0.056,0.002,0.002,14.87723053,6.972049161,0.071612903,-20.25058505,2924000000,-0.179573513,0.18930096,0.085119028,-0.111612903,8.73132471
15,BCS,2012,52823723087,0.57825,17.73858,-63.1391,-0.012,0,0,14.8806176,7.053322296,0.164516129,-15.30670522,-624000000,-1.213406293,0.00338707,0.081273135,0.092903226,4.94387983
15,BCS,2013,55489736570,0.05047,12.57947,-27.13272,0.01,0,0.001,15.19975394,7.115001942,0.08516129,-7.406970197,540000000,-1.865384615,0.31913634,0.061679646,-0.079354839,7.899735023
15,BCS,2014,60465197835,0.08966,11.88656,-65.85871,-0.003,0,0,15.31889545,7.190448578,0.122580645,-2.841205758,-174000000,-1.322222222,0.11914151,0.075446636,0.037419355,4.565764439
15,BCS,2015,53454116704,-0.11595,8.54698,37.0458,-0.007,0,0,15.31652585,7.254915764,0.240645161,-1.759177483,-394000000,1.264367816,-0.0023696,0.064467186,0.118064516,1.082028275
15,BCS,2016,46212660860,-0.13547,8.20388,53.55842,0.026,0.001,0.002,15.31066667,7.312790128,0.54,-0.519441513,1623000000,-5.11928934,-0.00585918,0.057874364,0.299354839,1.23973597
15,BCS,2017,45792545761,-0.00909,8.22651,8.82991,-0.03,-0.002,0,15.30762918,7.380595195,1.301612903,-0.087970518,-1922000000,-2.184226741,-0.00303749,0.067805067,0.761612903,0.431470995
15,BCS,2018,31676678444,-0.30826,8.58976,63.18685,0.026,0.001,0.002,15.22248143,7.442429598,2.274193548,0.013209468,1597000000,-1.830905307,-0.08514775,0.061834403,0.972580645,0.101179986
15,BCS,2019,40776078956,0.28726,8.13944,-233.17741,0.037,0.002,0.002,15.23038205,7.49234782,1.550967742,0.028774438,2461000000,0.541014402,0.00790062,0.049918222,-0.723225806,0.01556497
15,BCS,2020,34662617500,-0.14993,9.73464,11.40083,0.023,0.001,0.001,15.80598574,7.635558153,0.09,-7.56021125,1526000000,-0.379926859,0.57560369,0.143210333,-1.460967742,-7.588985688
15,BCS,2021,43601962500,0.2579,9.19687,13.45499,0.094,0.005,0.004,15.98157802,7.70700411,0.079677419,8.358280893,6375000000,3.177588467,0.17559228,0.071445957,-0.010322581,15.91849214
16,CATY,2003,1389167581,1.03159,0.70586,54.05006,0.144,0.015,0.024,13.54082315,6.57394717,0.984193548,-3.020719642,55572000,0.14110883,0.04579269,0.057056113,-0.254193549,1.032640453
16,CATY,2004,1868900475,0.34534,1.01983,6.2112,0.131,0.015,0.023,13.60352033,6.62459019,2.156129032,-1.955696159,86813000,0.562171597,0.06269718,0.05064302,1.171935484,1.065023483
16,CATY,2005,1803064947,-0.03523,0.84253,5.98937,0.141,0.017,0.026,13.64122175,6.663562361,4.157096774,-0.731401558,104091000,0.199025492,0.03770142,0.038972171,2.000967742,1.224294601
16,CATY,2006,1788339984,-0.00817,1.41864,12.7708,0.136,0.016,0.022,13.66788806,6.696201494,5.238064516,-0.060309762,117570000,0.129492463,0.02666631,0.032639133,1.080967742,0.671091796
16,CATY,2007,1319633416,-0.26209,3.1756,20.92749,0.134,0.013,0.017,13.6942349,6.709662508,4.244516129,-0.836372357,125469000,0.067185507,0.02634684,0.013461014,-0.993548387,-0.776062595
16,CATY,2008,1175784101,-0.10901,2.58423,23.27054,0.046,0.005,0.005,14.61425006,6.777513783,0.15516129,-11.63450485,50521000,-0.59734277,0.92001516,0.067851275,-4.089354839,-10.79813249
16,CATY,2009,466813027,-0.60298,2.07828,20.2002,-0.066,-0.007,-0.009,14.61266544,6.829052706,0.118064516,-35.05002555,-67390000,-2.333900754,-0.00158462,0.051538923,-0.037096774,-23.4155207
16,CATY,2010,1311385185,1.80923,1.62765,14.21013,-0.003,0,0,14.68792957,6.886930133,0.183225806,-28.98190976,11565000,-1.171612999,0.07526413,0.057877427,0.06516129,6.06811579
16,CATY,2011,1174195410,-0.10461,1.2296,10.82738,0.057,0.008,0.013,14.87723053,6.972049161,0.071612903,-20.25058505,100150000,7.659749243,0.18930096,0.085119028,-0.111612903,8.73132471
16,CATY,2012,1538019490,0.30985,1.00386,10.07828,0.064,0.009,0.016,14.8806176,7.053322296,0.164516129,-15.30670522,117438000,0.172621068,0.00338707,0.081273135,0.092903226,4.94387983
16,CATY,2013,2113284385,0.37403,1.02373,13.7164,0.076,0.011,0.017,15.19975394,7.115001942,0.08516129,-7.406970197,123143000,0.048578825,0.31913634,0.061679646,-0.079354839,7.899735023
16,CATY,2014,2039631962,-0.03485,0.6549,7.22484,0.089,0.012,0.019,15.31889545,7.190448578,0.122580645,-2.841205758,137830000,0.119267843,0.11914151,0.075446636,0.037419355,4.565764439
16,CATY,2015,2537826778,0.24426,0.48808,4.90885,0.095,0.013,0.018,15.31652585,7.254915764,0.240645161,-1.759177483,161109000,0.168896467,-0.0023696,0.064467186,0.118064516,1.082028275
16,CATY,2016,3000189172,0.18219,0.46429,3.67697,0.098,0.013,0.018,15.31066667,7.312790128,0.54,-0.519441513,175099000,0.086835621,-0.00585918,0.057874364,0.299354839,1.23973597
16,CATY,2017,3408178008,0.13599,0.38266,3.00496,0.091,0.012,0.02,15.30762918,7.380595195,1.301612903,-0.087970518,176042000,0.005385525,-0.00303749,0.067805067,0.761612903,0.431470995
16,CATY,2018,2718471675,-0.20237,0.35792,2.3023,0.131,0.017,0.021,15.22248143,7.442429598,2.274193548,0.013209468,271885000,0.544432579,-0.08514775,0.061834403,0.972580645,0.101179986
16,CATY,2019,3032832972,0.11564,0.3881,2.08114,0.125,0.016,0.02,15.23038205,7.49234782,1.550967742,0.028774438,279135000,0.026665686,0.00790062,0.049918222,-0.723225806,0.01556497
16,CATY,2020,2564280090,-0.15449,0.14064,1.08247,0.097,0.012,0.014,15.80598574,7.635558153,0.09,-7.56021125,228860000,-0.180109983,0.57560369,0.143210333,-1.460967742,-7.588985688
16,CATY,2021,3319838050,0.29465,0.0822,0.60827,0.121,0.015,0.022,15.98157802,7.70700411,0.079677419,8.358280893,298304000,0.303434414,0.17559228,0.071445957,-0.010322581,15.91849214
17,CBU,2003,636760733,0.56644,1.64955,10.31362,0.113,0.011,0.014,13.54082315,6.57394717,0.984193548,-3.020719642,40380000,0.04837,0.04579269,0.057056113,-0.254193549,1.032640453
17,CBU,2004,864636874,0.35787,1.93944,11.76597,0.111,0.012,0.014,13.60352033,6.62459019,2.156129032,-1.955696159,50196000,0.24309,0.06269718,0.05064302,1.171935484,1.065023483
17,CBU,2005,675196587,-0.2191,1.42722,10.58664,0.11,0.012,0.015,13.64122175,6.663562361,4.157096774,-0.731401558,50805000,0.01213,0.03770142,0.038972171,2.000967742,1.224294601
17,CBU,2006,688413966,0.01958,1.74528,12.09325,0.084,0.009,0.011,13.66788806,6.696201494,5.238064516,-0.060309762,38377000,-0.24462,0.02666631,0.032639133,1.080967742,0.671091796
17,CBU,2007,589618942,-0.14351,1.94102,22.00166,0.092,0.009,0.009,13.6942349,6.709662508,4.244516129,-0.836372357,42891000,0.11762,0.02634684,0.013461014,-0.993548387,-0.776062595
17,CBU,2008,795851871,0.34977,1.58364,18.7137,0.092,0.01,0.011,14.61425006,6.777513783,0.15516129,-11.63450485,45940000,0.07109,0.92001516,0.067851275,-4.089354839,-10.79813249
17,CBU,2009,632263043,-0.20555,1.51455,28.33261,0.074,0.008,0.01,14.61266544,6.829052706,0.118064516,-35.05002555,41445000,-0.09785,-0.00158462,0.051538923,-0.037096774,-23.4155207
17,CBU,2010,921167834,0.45694,1.3676,10.20602,0.105,0.012,0.015,14.68792957,6.886930133,0.183225806,-28.98190976,63320000,0.52781,0.07526413,0.057877427,0.06516129,6.06811579
17,CBU,2011,1024337732,0.112,1.07197,9.79566,0.101,0.012,0.016,14.87723053,6.972049161,0.071612903,-20.25058505,73142000,0.15512,0.18930096,0.085119028,-0.111612903,8.73132471
17,CBU,2012,1083078186,0.05734,0.91953,8.50739,0.087,0.011,0.014,14.8806176,7.053322296,0.164516129,-15.30670522,77068000,0.05368,0.00338707,0.081273135,0.092903226,4.94387983
17,CBU,2013,1601342984,0.47851,0.27861,2.73159,0.091,0.011,0.016,15.19975394,7.115001942,0.08516129,-7.406970197,78829000,0.02285,0.31913634,0.061679646,-0.079354839,7.899735023
17,CBU,2014,1548015581,-0.0333,0.44551,4.04792,0.095,0.012,0.018,15.31889545,7.190448578,0.122580645,-2.841205758,91353000,0.15888,0.11914151,0.075446636,0.037419355,4.565764439
17,CBU,2015,1641529047,0.06041,0.3537,3.76468,0.087,0.011,0.017,15.31652585,7.254915764,0.240645161,-1.759177483,91230000,-0.00135,-0.0023696,0.064467186,0.118064516,1.082028275
17,CBU,2016,2742285616,0.67057,0.2073,2.01388,0.085,0.012,0.019,15.31066667,7.312790128,0.54,-0.519441513,103812000,0.13792,-0.00585918,0.057874364,0.299354839,1.23973597
17,CBU,2017,2720241759,-0.00804,0.29713,2.7167,0.099,0.015,0.016,15.30762918,7.380595195,1.301612903,-0.087970518,150717000,0.45183,-0.00303749,0.067805067,0.761612903,0.431470995
17,CBU,2018,2984168344,0.09702,0.24139,1.9816,0.101,0.016,0.021,15.22248143,7.442429598,2.274193548,0.013209468,168641000,0.11892,-0.08514775,0.061834403,0.972580645,0.101179986
17,CBU,2019,3667724983,0.22906,0.18589,1.75226,0.093,0.015,0.021,15.23038205,7.49234782,1.550967742,0.028774438,169063000,0.0025,0.00790062,0.049918222,-0.723225806,0.01556497
17,CBU,2020,3336181395,-0.09039,0.17646,2.24904,0.08,0.012,0.018,15.80598574,7.635558153,0.09,-7.56021125,164676000,-0.02595,0.57560369,0.143210333,-1.460967742,-7.588985688
17,CBU,2021,4016784902,0.20401,0.15703,1.74201,0.092,0.013,0.02,15.98157802,7.70700411,0.079677419,8.358280893,189694000,0.15192,0.17559228,0.071445957,-0.010322581,15.91849214
18,CFR,2003,2103781408,0.25971,0.88006,3.54937,0.174,0.013,0.022,13.54082315,6.57394717,0.984193548,-3.020719642,130501000,0.11553,0.04579269,0.057056113,-0.254193549,1.032640453
18,CFR,2004,2532365548,0.20372,1.07493,7.77782,0.178,0.014,0.023,13.60352033,6.62459019,2.156129032,-1.955696159,141325000,0.08294,0.06269718,0.05064302,1.171935484,1.065023483
18,CFR,2005,2911539804,0.14973,1.17686,10.069,0.186,0.016,0.024,13.64122175,6.663562361,4.157096774,-0.731401558,165423000,0.17051,0.03770142,0.038972171,2.000967742,1.224294601
18,CFR,2006,3121224868,0.07202,0.93895,-16.07573,0.171,0.016,0.025,13.66788806,6.696201494,5.238064516,-0.060309762,193591000,0.17028,0.02666631,0.032639133,1.080967742,0.671091796
18,CFR,2007,2962552726,-0.05084,0.90272,7.39879,0.15,0.016,0.024,13.6942349,6.709662508,4.244516129,-0.836372357,212071000,0.09546,0.02634684,0.013461014,-0.993548387,-0.776062595
18,CFR,2008,3006485231,0.01483,0.83125,8.71592,0.128,0.015,0.021,14.61425006,6.777513783,0.15516129,-11.63450485,207255000,-0.02271,0.92001516,0.067851275,-4.089354839,-10.79813249
18,CFR,2009,2997009200,-0.00315,0.46172,4.45404,0.097,0.011,0.016,14.61266544,6.829052706,0.118064516,-35.05002555,179034000,-0.13617,-0.00158462,0.051538923,-0.037096774,-23.4155207
18,CFR,2010,3724569310,0.24276,0.41201,2.07801,0.102,0.012,0.018,14.68792957,6.886930133,0.183225806,-28.98190976,208764000,0.16606,0.07526413,0.057877427,0.06516129,6.06811579
18,CFR,2011,3240485860,-0.12997,0.41424,3.79912,0.099,0.011,0.018,14.87723053,6.972049161,0.071612903,-20.25058505,217535000,0.04201,0.18930096,0.085119028,-0.111612903,8.73132471
18,CFR,2012,3335599669,0.02935,0.32463,2.80086,0.1,0.011,0.016,14.8806176,7.053322296,0.164516129,-15.30670522,237952000,0.09386,0.00338707,0.081273135,0.092903226,4.94387983
18,CFR,2013,4502856166,0.34994,0.35478,5.84941,0.094,0.01,0.015,15.19975394,7.115001942,0.08516129,-7.406970197,237866000,-0.0286,0.31913634,0.061679646,-0.079354839,7.899735023
18,CFR,2014,4454451946,-0.01075,0.36481,6.58659,0.098,0.01,0.015,15.31889545,7.190448578,0.122580645,-2.841205758,277977000,0.16772,0.11914151,0.075446636,0.037419355,4.565764439
18,CFR,2015,3739203960,-0.16057,0.39077,4.51299,0.094,0.01,0.013,15.31652585,7.254915764,0.240645161,-1.759177483,279328000,0.00501,-0.0023696,0.064467186,0.118064516,1.082028275
18,CFR,2016,5554947918,0.4856,0.40403,2.73859,0.096,0.01,0.013,15.31066667,7.312790128,0.54,-0.519441513,304261000,0.09191,-0.00585918,0.057874364,0.299354839,1.23973597
18,CFR,2017,5978519073,0.07625,0.41923,2.71882,0.111,0.012,0.015,15.30762918,7.380595195,1.301612903,-0.087970518,364149000,0.20219,-0.00303749,0.067805067,0.761612903,0.431470995
18,CFR,2018,5623241164,-0.05943,0.47567,3.22599,0.135,0.014,0.018,15.22248143,7.442429598,2.274193548,0.013209468,454918000,0.25491,-0.08514775,0.061834403,0.972580645,0.101179986
18,CFR,2019,6117651559,0.08792,0.49353,4.43375,0.115,0.013,0.016,15.23038205,7.49234782,1.550967742,0.028774438,443599000,-0.02533,0.00790062,0.049918222,-0.723225806,0.01556497
18,CFR,2020,5482805101,-0.10377,0.54795,5.41013,0.08,0.008,0.011,15.80598574,7.635558153,0.09,-7.56021125,331151000,-0.25696,0.57560369,0.143210333,-1.460967742,-7.588985688
18,CFR,2021,8032551059,0.46504,0.67325,5.07036,0.1,0.009,0.014,15.98157802,7.70700411,0.079677419,8.358280893,443079000,0.34701,0.17559228,0.071445957,-0.010322581,15.91849214
19,CMA,2003,9830569480,0.30127,0.99609,4.03328,0.13,0.012,0.016,13.54082315,6.57394717,0.984193548,-3.020719642,661000000,0.099833611,0.04579269,0.057056113,-0.254193549,1.032640453
19,CMA,2004,10407571200,0.05869,0.88854,4.86174,0.15,0.014,0.02,13.60352033,6.62459019,2.156129032,-1.955696159,757000000,0.145234493,0.06269718,0.05064302,1.171935484,1.065023483
19,CMA,2005,9380637392,-0.09867,0.8528,6.05322,0.17,0.016,0.022,13.64122175,6.663562361,4.157096774,-0.731401558,861000000,0.137384412,0.03770142,0.038972171,2.000967742,1.224294601
19,CMA,2006,9321625131,-0.00629,1.28857,8.17734,0.173,0.016,0.021,13.66788806,6.696201494,5.238064516,-0.060309762,893000000,0.037166086,0.02666631,0.032639133,1.080967742,0.671091796
19,CMA,2007,6573818938,-0.29478,2.28181,14.15273,0.134,0.011,0.015,13.6942349,6.709662508,4.244516129,-0.836372357,680000000,-0.238521837,0.02634684,0.013461014,-0.993548387,-0.776062595
19,CMA,2008,2987144916,-0.5456,2.35123,24.16092,0.034,0.003,0.003,14.61425006,6.777513783,0.15516129,-11.63450485,213000000,-0.686764706,0.92001516,0.067851275,-4.089354839,-10.79813249
19,CMA,2009,4468760366,0.496,1.64077,678.41176,-0.017,-0.002,-0.002,14.61266544,6.829052706,0.118064516,-35.05002555,17000000,-0.920187793,-0.00158462,0.051538923,-0.037096774,-23.4155207
19,CMA,2010,7455006705,0.66825,1.082,4.87403,0.026,0.003,0.006,14.68792957,6.886930133,0.183225806,-28.98190976,277000000,15.29411765,0.07526413,0.057877427,0.06516129,6.06811579
19,CMA,2011,5126006359,-0.31241,0.73005,7.42815,0.06,0.007,0.009,14.87723053,6.972049161,0.071612903,-20.25058505,393000000,0.418772563,0.18930096,0.085119028,-0.111612903,8.73132471
19,CMA,2012,5775040237,0.12662,0.69576,7.8282,0.073,0.008,0.012,14.8806176,7.053322296,0.164516129,-15.30670522,521000000,0.325699746,0.00338707,0.081273135,0.092903226,4.94387983
19,CMA,2013,8695574155,0.50572,0.53091,5.17166,0.076,0.008,0.013,15.19975394,7.115001942,0.08516129,-7.406970197,541000000,0.038387716,0.31913634,0.061679646,-0.079354839,7.899735023
19,CMA,2014,8416519314,-0.03209,0.37706,4.9051,0.079,0.009,0.013,15.31889545,7.190448578,0.122580645,-2.841205758,593000000,0.096118299,0.11914151,0.075446636,0.037419355,4.565764439
19,CMA,2015,7392817311,-0.12163,0.40754,4.13003,0.068,0.007,0.011,15.31652585,7.254915764,0.240645161,-1.759177483,521000000,-0.121416526,-0.0023696,0.064467186,0.118064516,1.082028275
19,CMA,2016,11732831636,0.58706,0.66508,13.26087,0.061,0.007,0.009,15.31066667,7.312790128,0.54,-0.519441513,477000000,-0.084452975,-0.00585918,0.057874364,0.299354839,1.23973597
19,CMA,2017,15097564449,0.28678,0.58169,4.55906,0.093,0.01,0.017,15.30762918,7.380595195,1.301612903,-0.087970518,743000000,0.557651992,-0.00303749,0.067805067,0.761612903,0.431470995
19,CMA,2018,11107057189,-0.26431,0.86679,4.26409,0.156,0.017,0.021,15.22248143,7.442429598,2.274193548,0.013209468,1235000000,0.66218035,-0.08514775,0.061834403,0.972580645,0.101179986
19,CMA,2019,10343073464,-0.06878,1.00177,7.31076,0.163,0.017,0.02,15.23038205,7.49234782,1.550967742,0.028774438,1202000000,-0.026720648,0.00790062,0.049918222,-0.723225806,0.01556497
19,CMA,2020,7769447971,-0.24883,0.71155,6.74676,0.062,0.006,0.008,15.80598574,7.635558153,0.09,-7.56021125,497000000,-0.586522463,0.57560369,0.143210333,-1.460967742,-7.588985688
19,CMA,2021,11409933768,0.46856,0.35406,4.95745,0.143,0.013,0.02,15.98157802,7.70700411,0.079677419,8.358280893,1168000000,1.350100604,0.17559228,0.071445957,-0.010322581,15.91849214
20,COLB,2003,290201568,0.73472,0.25723,0.96654,0.135,0.011,0.016,13.54082315,6.57394717,0.984193548,-3.020719642,19522000,0.793477262,0.04579269,0.057056113,-0.254193549,1.032640453
20,COLB,2004,388927517,0.3402,0.45998,2.04907,0.13,0.012,0.017,13.60352033,6.62459019,2.156129032,-1.955696159,22513000,0.153211761,0.06269718,0.05064302,1.171935484,1.065023483
20,COLB,2005,451405449,0.16064,0.52724,2.90625,0.137,0.013,0.018,13.64122175,6.663562361,4.157096774,-0.731401558,29631000,0.316172878,0.03770142,0.038972171,2.000967742,1.224294601
20,COLB,2006,563657632,0.24867,0.98426,7.29209,0.134,0.013,0.017,13.66788806,6.696201494,5.238064516,-0.060309762,32103000,0.083426142,0.02666631,0.032639133,1.080967742,0.671091796
20,COLB,2007,531989779,-0.05618,0.8435,6.37383,0.109,0.011,0.015,13.6942349,6.709662508,4.244516129,-0.836372357,32381000,0.008659627,0.02634684,0.013461014,-0.993548387,-0.776062595
20,COLB,2008,216541012,-0.59296,0.60379,7.01353,0.015,0.002,0,14.61425006,6.777513783,0.15516129,-11.63450485,5498000,-0.830209073,0.92001516,0.067851275,-4.089354839,-10.79813249
20,COLB,2009,454639442,1.09955,0.28545,5.04991,-0.018,-0.003,-0.006,14.61266544,6.829052706,0.118064516,-35.05002555,-8371000,-2.522553656,-0.00158462,0.051538923,-0.037096774,-23.4155207
20,COLB,2010,828402787,0.82211,0.2416,1.98785,0.038,0.006,0.007,14.68792957,6.886930133,0.183225806,-28.98190976,25837000,-4.086489069,0.07526413,0.057877427,0.06516129,6.06811579
20,COLB,2011,761209572,-0.08111,0.18965,2.01874,0.065,0.011,0.016,14.87723053,6.972049161,0.071612903,-20.25058505,48037000,0.859232883,0.18930096,0.085119028,-0.111612903,8.73132471
20,COLB,2012,712000567,-0.06465,0.04142,0.26871,0.061,0.01,0.015,14.8806176,7.053322296,0.164516129,-15.30670522,46143000,-0.039427941,0.00338707,0.081273135,0.092903226,4.94387983
20,COLB,2013,1409402816,0.9795,0.05849,0.92636,0.062,0.009,0.014,15.19975394,7.115001942,0.08516129,-7.406970197,60016000,0.30065232,0.31913634,0.061679646,-0.079354839,7.899735023
20,COLB,2014,1469675303,0.04276,0.26861,2.57786,0.073,0.011,0.016,15.31889545,7.190448578,0.122580645,-2.841205758,81574000,0.359204212,0.11914151,0.075446636,0.037419355,4.565764439
20,COLB,2015,1876820180,0.27703,0.13544,1.18264,0.079,0.011,0.017,15.31652585,7.254915764,0.240645161,-1.759177483,98827000,0.211501214,-0.0023696,0.064467186,0.118064516,1.082028275
20,COLB,2016,2593325809,0.38177,0.0698,0.57836,0.083,0.011,0.017,15.31066667,7.312790128,0.54,-0.519441513,104866000,0.061106783,-0.00585918,0.057874364,0.299354839,1.23973597
20,COLB,2017,2535730288,-0.02221,0.06899,1.0006,0.077,0.011,0.018,15.30762918,7.380595195,1.301612903,-0.087970518,112828000,0.075925467,-0.00303749,0.067805067,0.761612903,0.431470995
20,COLB,2018,2658524655,0.04843,0.24394,2.05074,0.087,0.014,0.018,15.22248143,7.442429598,2.274193548,0.013209468,172882000,0.532261495,-0.08514775,0.061834403,0.972580645,0.101179986
20,COLB,2019,2934863006,0.10394,0.48759,5.13913,0.091,0.014,0.018,15.23038205,7.49234782,1.550967742,0.028774438,194451000,0.124761398,0.00790062,0.049918222,-0.723225806,0.01556497
20,COLB,2020,2570642368,-0.1241,0.04957,0.62387,0.068,0.01,0.013,15.80598574,7.635558153,0.09,-7.56021125,154244000,-0.206771886,0.57560369,0.143210333,-1.460967742,-7.588985688
20,COLB,2021,2569284274,-0.00053,0.04391,0.46435,0.085,0.011,0.015,15.98157802,7.70700411,0.079677419,8.358280893,202820000,0.314929592,0.17559228,0.071445957,-0.010322581,15.91849214
